000368	02	2	000000072		NF	110000.00	110000.00
000368	02	2	000000073		NF	110000.00	110000.00
000368	02	2	000000070		NF	58011.25	58011.25
000368	02	2	000000071		NF	58011.25	58011.25
001582	01	000	44580210		NF	23068.63	23068.63
001328	01		CCREDITO		CC	17866.46	17866.46
001157	01	000	1268	1	NF	16650.00	16650.00
000069	04	006	000357077		NF	15835.50	15835.50
001778	01		ALUG	02	TF	15000.00	15000.00
001778	01		ALUG	03	TF	15000.00	15000.00
001822	01	001	000000645	1	NF	12250.00	12250.00
001942	01	1	5290	1	NF	10375.00	10375.00
000063	01		465		NF	10000.00	10000.00
000063	01		502		NF	10000.00	10000.00
000882	01	001	189		NF	10000.00	10000.00
000201	01		IPTU2023		BOL	9944.28	9944.28
000917	01		400841		FT	9837.84	9837.84
001582	01		44580207		NF	9281.68	9281.68
000322	01	1	1262	1	NF	9121.20	9121.21
001269	01		86691		NF	9103.62	9103.62
000047	01	1	94700	1	NF	7455.00	7455.00
002197	01		17	1	NF	7362.50	7362.50
002197	01		17	2	NF	7362.50	7362.50
001204	01	2	000000404		NF	6950.00	6950.00
001752	01	002	1955		NF	6840.00	6840.00
001321	01	FT	103169		BOL	6708.28	6708.28
000047	01	1	96836	1	NF	6667.50	6667.50
001688	01	1	7339		NF	6568.60	6568.60
003500	01		280		NF	6000.00	6000.00
000866	01		35		NF	6000.00	6000.00
000047	01	1	98687	2	NF	5990.00	5990.00
001942	01	1	5291	1	NF	5750.00	5750.00
000718	01	000	128634		NF	5590.92	5590.92
002675	01		02082023		NF	5540.30	5540.30
000347	01		24862816		NF	5210.33	32998.25
003383	01		08082023		NF	5200.00	5200.00
003387	01		08082023		NF	5199.97	5199.97
000984	01		1341		NF	5148.00	5148.00
000737	01		208	4	NF	5000.00	5000.00
000257	01	1	94680	1	NF	4740.00	4740.00
000257	01	1	94680	2	NF	4740.00	4740.00
000269	01		12957		NF	4550.00	4550.00
001204	01	2	000000406		NF	4500.00	4500.00
002120	01	NFS	177	2	NF	4158.00	4158.00
000133	01		228050	1	NF	4130.00	4130.00
001262	01		140494		NF	4054.98	4054.98
000737	01		211		NF	4000.00	4000.00
000453	01	1	2195	1	NF	3957.92	3957.92
002146	01	NFS	29	2	NF	3900.00	3900.00
001547	01		204746	01	TF	3866.66	3866.66
001547	01		204746	02	TF	3866.66	3866.66
000255	01	0	17326		NF	3826.55	3826.55
001150	01		1068	1	NF	3819.84	3819.84
003035	01	3	36683		NF	3788.46	3788.46
000283	01	1	11037		NF	3736.60	3736.60
001834	01	DP	363100004		NF	3725.00	3725.00
003379	01		11082023		NF	3650.00	3650.00
000260	01	2	402472	1	NF	3600.00	3600.00
000260	01	2	402472	2	NF	3600.00	3600.00
000123	01		110		NF	3600.00	3600.00
000254	01	0	27124		NF	3573.00	3573.00
001150	01	001	000001052	2	NF	3483.91	3483.91
000831	01	001	2546	1	NF	3475.00	3475.00
000831	01	001	2546	2	NF	3475.00	3475.00
000069	04	6	492951		NF	3437.19	3437.19
001752	01	002	1861		NF	3420.00	3420.00
001752	01	2	1871		NF	3420.00	3420.00
001262	01		000407		NF	3407.97	4096.79
003180	01		773		NF	3329.94	3329.94
000401	01	1	192018	1	NF	3248.67	3248.67
000133	01	0	222997	1	NF	3199.33	3199.33
001066	03	000	13728938		NF	3180.68	3180.68
001521	01		01	02	DH	3180.00	3180.00
000089	01	DP	1783482	01	NF	3150.00	3150.00
000089	01	DP	1783482	08	NF	3150.00	3150.00
001583	01	TXV	VAL575125	1	BOL	3143.50	3143.50
000651	01	B	14367	1	NF	3125.00	3125.00
001707	01	000	83		NF	3050.00	3050.00
003096	01	1	145	1	NF	3049.67	3049.67
002855	01	1	489	1	NF	3039.14	3039.14
000069	04	6	480801		NF	3031.13	3637.35
004057	01		605		NF	2998.50	2998.50
001630	01		28	1	NF	2940.00	2940.00
001630	01		28	2	NF	2940.00	2940.00
000173	01	001	14063		NF	2878.35	2878.35
003286	01		95		NF	2815.50	2815.50
002657	01	001	688		NF	2800.00	2800.00
002822	01		477	1	NF	2790.00	2790.00
001462	01	1	1965		NF	2750.00	2750.00
000931	01		1552023		NF	2640.00	2640.00
000931	01	0	157		NF	2640.00	2640.00
001583	01	TX	169057059	1	BOL	2612.23	2612.23
001364	01	0	77149		NF	2580.36	2580.36
000171	01	001	111259	2	NF	2566.17	2566.17
001526	01		0962023		R$	2544.41	2544.41
001768	01		35320-5	03	TF	2524.35	2524.35
001768	01		35320-5	01	TF	2524.34	2524.34
001768	01		35320-5	02	TF	2524.34	2524.34
002385	01	RPS	14064		NF	2503.41	2503.41
002877	01	000	1879		NF	2500.00	2500.00
002055	01		1050		NF	2500.00	2500.00
003187	01		2		NF	2500.00	2500.00
000060	01	NFS	2605	1	NF	2452.60	2452.60
000692	01		502		NF	2400.00	2400.00
001796	01	1	4935		NF	2400.00	2400.00
001796	01	1	4936		NF	2400.00	2400.00
000644	01		3894		NF	2383.00	2383.00
002095	01	1	2876	1	NF	2370.55	2370.55
002910	01	RPA	100		RPA	2350.00	2350.00
000453	01	1	2661	3	NF	2327.89	2327.89
000226	01	001	000328055	2	NF	2321.28	2321.28
001204	01	2	000000271	2	NF	2316.67	2316.67
001204	01	2	000000271	3	NF	2316.66	2316.66
001590	01	001	000008820	1	NF	2306.58	2306.58
003708	01		7252		NF	2300.00	2300.00
000322	01	E00	000000491	2	NF	2293.49	2293.49
000573	01	001	711	1	NF	2279.25	2279.25
001583	01	TXV	VAL575004	1	BOL	2222.95	2222.95
002383	01		377		NF	2218.23	2218.23
000634	01		004211545		NF	2205.05	2205.05
001164	01	0	2731	1	NF	2189.25	2189.25
000511	01	1	971964	1	NF	2166.20	2166.20
002383	01		294		NF	2059.58	2059.58
001262	01		140491		NF	2055.99	2055.99
000401	01	1	187956	1	NF	2047.47	2047.47
000615	01	001	246		NF	2025.67	2025.67
003530	01	001	000002734		NF	2008.55	2008.55
001583	01	TXV	VAL575152	1	BOL	2004.05	2004.05
001876	01	DP	56902		NF	2000.00	2000.00
000414	01	DP	9		NF	2000.00	2000.00
001066	04	1	000136225		NF	1999.00	1999.00
002392	01	DP	062307		NF	1960.00	1960.00
000939	01	0	333236	1	NF	1954.47	1954.47
001222	01	5	2360	1	NF	1953.33	1953.33
001514	01	DP	22062023		NF	1952.00	1952.00
001514	01	DP	000		NF	1952.00	1952.00
001514	01	DP	62205		NF	1952.00	1952.00
003070	01	2	171377	1	NF	1924.55	1924.55
003070	01	2	171377	2	NF	1924.55	1924.55
001768	01		150820230		R$	1909.41	1909.41
001683	02	177	331	1	NF	1907.60	1907.60
001683	02	177	331	2	NF	1907.60	1907.60
001683	02	177	331	3	NF	1907.60	1907.60
001710	01	1	88		NF	1900.00	1900.00
001330	01	0	7171		NF	1890.01	1890.01
000819	01	000	10972		NF	1879.50	1879.50
000095	01	1	16993	2	NF	1876.00	1876.00
003529	01	3	157361		NF	1873.02	1873.02
001831	01	000	25		NF	1857.00	1857.00
003528	01	1	14298		NF	1833.22	1833.22
002757	01	1	2822	1	NF	1828.75	1828.75
002757	01	1	2822	2	NF	1828.75	1828.75
002757	01	1	2822	3	NF	1828.75	1828.75
003385	01		118397		R$	1800.00	1800.00
001583	01	TXV	VAL575005	1	BOL	1789.84	1789.84
001583	01	TXV	VAL575006	1	BOL	1789.84	1789.84
001583	01	TXV	VAL575007	1	BOL	1789.84	1789.84
000060	01	1	17163	1	NF	1750.00	1750.00
000060	01	1	17163	2	NF	1750.00	1750.00
000939	01	0	332076	1	NF	1745.64	1745.64
000939	01	0	332076	2	NF	1745.64	1745.64
000770	01	1	7588	1	NF	1744.48	1744.48
002923	01		7758		NF	1675.00	1675.00
001011	01	7	170227	1	NF	1652.75	1652.75
001011	01	7	170227	2	NF	1652.75	1652.75
001011	01	7	170227	3	NF	1652.75	1652.75
001338	01	DP	000		NF	1636.70	1636.70
001338	01	DP	558261		NF	1636.70	1636.70
002380	01	1	5552		NF	1630.14	1630.14
001514	01	DP	0000		NF	1613.00	1613.00
001514	01	DP	3333		NF	1613.00	1613.00
001514	01	DP	62203		NF	1613.00	1613.00
003381	01		16082023		NF	1600.00	1600.00
001150	01	SPD	927	2	NF	1599.57	1599.57
001313	01		52193C		NF	1561.23	1561.23
000636	05	1	591120	1	NF	1557.60	1557.60
000636	05	1	591120	2	NF	1557.60	1557.60
000636	05	1	591120	3	NF	1557.60	1557.60
000636	05	1	591120	4	NF	1557.60	1557.60
000636	05	1	591120	5	NF	1557.60	1557.60
000257	01	1	92960	1	NF	1550.00	1550.00
000257	01	1	93832	1	NF	1550.00	1550.00
000257	01	1	93832	2	NF	1550.00	1550.00
001470	01	TXV	VAL574666	1	BOL	1542.73	1542.73
001470	01	TXV	VAL574926	1	BOL	1542.73	1542.73
001232	01	TX	WE310523Q	1	BOL	1529.12	1529.12
000894	01	1	23897	1	NF	1501.06	1501.06
000894	01	1	23897	2	NF	1501.06	1501.06
000894	01	1	23897	3	NF	1501.06	1501.06
002055	01		1049		NF	1500.00	1500.00
000395	01		195081		NF	1479.44	1479.44
000452	01	DP	65378		NF	1466.66	1466.66
000876	01	001	000016283	1	NF	1457.50	1457.50
000573	01	DP	63502		NF	1445.60	1445.60
001713	01	001	4874		NF	1443.00	1443.00
001164	01	DP	7425		NF	1437.50	1437.50
003523	01	1	18637		NF	1415.44	1415.44
001403	01	1	854	1	NF	1407.90	1407.90
001403	01	1	854	2	NF	1407.90	1407.90
000080	01	1	584		NF	1400.00	1400.00
003506	01	002	000051335		NF	1390.00	1390.00
001582	01	0	44889223		NF	1373.72	1373.72
001268	01	002	335200	3	NF	1351.34	1351.34
001268	01	002	335200	1	NF	1351.33	1351.33
001268	01	002	335200	2	NF	1351.33	1351.33
000511	01		108751		NF	1350.00	1350.00
001313	01	1	52411	1	NF	1345.75	1345.75
003526	01	1	15972		NF	1340.01	1340.01
001268	01	002	335202	3	NF	1333.34	1333.34
001268	01	002	335202	1	NF	1333.33	1333.33
001268	01	002	335202	2	NF	1333.33	1333.33
001519	01	0	10365	2	NF	1324.99	1324.99
002677	01	0	310		NF	1320.00	1320.00
001280	04	1	164706	1	NF	1318.18	1318.18
001268	01	002	000339792	1	NF	1316.61	1316.61
001262	01		140490		NF	1311.60	1311.60
003247	01	000	1405		NF	1305.00	1305.00
001583	01	TXV	TIAGO3134	1	TX	1301.81	1301.81
001583	01	TXV	TIAGO3134	2	TX	1301.81	1301.81
001583	01	TXV	TIAGO3134	3	TX	1301.81	1301.81
001729	04	4	93769		NF	1296.52	1296.52
001079	01	001	000023768		NF	1295.08	1295.08
001582	01	0	44674131		NF	1294.79	1294.79
001760	01	000	665703		NF	1293.58	1293.58
001760	01		761578		NF	1293.33	1293.33
001760	01	0	694104		NF	1293.33	1293.33
000376	01	0	9083		NF	1292.50	1292.50
000201	01		10211179		NF	1280.50	1280.50
001458	01	001	569097		NF	1258.82	1258.82
000060	01	1	17345	1	NF	1254.73	1254.73
000239	01	001	16720	1	NF	1254.36	1254.36
000906	01	1	2262		NF	1250.00	1250.00
000770	01	1	7373	1	NF	1245.67	1245.67
000770	01	1	7373	2	NF	1245.67	1245.67
000677	01		336		NF	1230.00	1230.00
000080	01	001	000000622	1	NF	1225.00	1225.00
000845	01	001	003008843	1	NF	1206.22	1206.22
000447	01		0005		NF	1200.00	1200.00
000447	01	000	9594		NF	1200.00	1200.00
002575	01	1	768		NF	1200.00	1200.00
001644	01	E	7491		NF	1200.00	1200.00
001702	01		74		NF	1200.00	1200.00
000903	01	000	000000242		NF	1200.00	1200.00
000202	01	000	8013718		NF	1187.52	1187.52
000916	01	1	36991	1	NF	1183.20	1183.20
002319	01	CXV	AGS8460	01	NF	1181.47	1181.47
002844	01	1	1543		NF	1173.25	1173.25
001583	01	TXV	CGR/01/K7	1	TX	1172.97	1172.97
001583	01	TXV	CGR/01/K7	2	TX	1172.97	1172.97
001583	01	TXV	CGR/01/K7	3	TX	1172.97	1172.97
002202	01		437	2	NF	1150.00	1150.00
003424	01		080823		NF	1150.00	1150.00
002548	01	001	176232		NF	1140.00	1140.00
000319	01		4553	1	NF	1126.67	1126.67
000319	01		4553	2	NF	1126.67	1126.67
000319	01		4553	3	NF	1126.66	1126.66
002095	01		1786	1	NF	1122.32	1122.32
002095	01		1786	2	NF	1122.32	1122.32
002095	01		1786	3	NF	1122.32	1122.32
002986	01	1	000081972		NF	1119.30	1119.30
000184	02	1	16370	1	NF	1102.92	1102.92
000184	02	1	16370	2	NF	1102.92	1102.92
001729	03	1	1029972		NF	1102.61	1102.61
000854	01	1	261355	1	NF	1100.00	1100.00
001289	01	3	274600		NF	1100.00	1100.00
000890	01	001	487149		NF	1098.07	1098.07
001268	01	002	000339619	1	NF	1095.67	1095.67
001268	01	002	000339619	2	NF	1095.67	1095.67
000388	01	0	45506		NF	1090.00	1090.00
000171	01	001	113945	1	NF	1085.00	1085.00
001262	01		140493		NF	1082.10	1082.10
001583	01	TXV	TIAGO3136	1	TX	1074.35	1074.35
001583	01	TXV	TIAGO3136	2	TX	1074.35	1074.35
001583	01	TXV	TIAGO3136	3	TX	1074.35	1074.35
002095	01	1	2635	1	NF	1069.56	1069.56
002095	01	1	2635	2	NF	1069.55	1069.55
001987	01	002	3778	1	NF	1068.95	1068.95
001987	01	002	3778	2	NF	1068.95	1068.95
000401	01	1	190824	1	NF	1068.83	1068.83
000427	01	1	1545		NF	1060.00	1060.00
000864	01	NFS	230		NF	1059.00	1059.00
002930	01	001	000014062	1	NF	1057.93	1057.93
002095	01	1	2761	1	NF	1051.79	1051.79
002095	01	1	2761	2	NF	1051.79	1051.79
000250	01	001	72347		NF	1049.46	1049.46
001514	01	1	561415	1	NF	1047.11	1047.11
001514	01	1	561415	2	NF	1047.11	1047.11
000239	01	000	15862	1	NF	1046.66	1046.66
002986	01	1	000081970		NF	1044.35	1044.35
002095	01	1	2605	1	NF	1044.35	1044.35
002095	01	1	2605	2	NF	1044.35	1044.35
002095	01	1	2605	3	NF	1044.34	1044.34
001268	01	2	333153	1	NF	1041.67	1041.67
001268	01	2	333153	3	NF	1041.66	1041.66
001804	01	1	56704		NF	1036.16	1036.16
001583	01	TXV	VA1606-33	1	TX	1026.12	1026.12
001583	01	TXV	VA1606-33	2	TX	1026.12	1026.12
001583	01	TXV	VA1606-33	3	TX	1026.12	1026.12
001583	01	TXV	WE3105246	1	TX	1026.12	1026.12
001583	01	TXV	WE3105246	2	TX	1026.12	1026.12
001583	01	TXV	WE3105246	3	TX	1026.12	1026.12
001583	01	TXV	VAL575210	1	TX	1026.12	1026.12
001583	01	TXV	VAL575210	2	TX	1026.12	1026.12
001583	01	TXV	VAL575210	3	TX	1026.12	1026.12
001268	01	2	335784	2	NF	1016.67	1016.67
001583	01	TXV	TIAGO3135	1	TX	1008.66	1008.66
001583	01	TXV	TIAGO3135	2	TX	1008.66	1008.66
001583	01	TXV	TIAGO3135	3	TX	1008.66	1008.66
002625	01		9	1	NF	1000.00	1000.00
003238	01	4	52208		NF	999.80	999.80
000845	01		08080823		NF	997.99	997.99
001150	01	PIX	686		NF	994.64	994.64
000452	01	1	176		NF	990.00	990.00
000123	01	1	712		NF	984.00	984.00
003359	01		357		NF	981.06	981.06
000230	01		545402743		NF	977.44	18597.17
003242	01		150010		NF	976.62	976.62
003242	01	000	141995		NF	976.62	976.62
001583	01	TXV	WE3105245	1	TX	975.00	975.00
001583	01	TXV	WE3105245	2	TX	975.00	975.00
001583	01	TXV	WE3105245	3	TX	975.00	975.00
001583	01	TXV	WE3105245	4	TX	975.00	975.00
000063	01	00	431		NF	972.42	972.42
002201	01		18	2	NF	967.50	967.50
002201	01		18	3	NF	967.50	967.50
002201	01		18	4	NF	967.50	967.50
001882	01	1	1347		NF	967.10	967.10
001583	01	TXV	VA1606-45	1	TX	964.27	964.27
001268	01	002	000338290	1	NF	957.67	957.67
001268	01	002	338286	1	NF	957.67	957.67
003521	01	1	175859		NF	954.31	954.31
003795	01	RPA	146 - 2	2	RPA	950.00	950.00
001457	01	DP	1111		NF	949.38	949.38
001457	01	DP	62202		NF	949.38	949.38
000960	01	002	2964	1	NF	945.00	945.00
000960	01	002	2964	2	NF	945.00	945.00
000325	01	1	7604	1	NF	945.00	945.00
003522	01	3	7583		NF	938.04	938.04
001222	01	5	2374	1	NF	926.67	926.67
002095	01	1	2634	1	NF	924.75	924.75
002095	01	1	2634	2	NF	924.75	924.75
001583	01	TXV	VA1606-35	1	TX	922.40	922.40
001583	01	TXV	VA1606-35	2	TX	922.40	922.40
001583	01	TXV	VA1606-35	3	TX	922.40	922.40
002796	01	DP	7873201		NF	922.29	922.29
000795	01	DP	1007		NF	920.00	920.00
003513	01	0	62433		NF	914.59	914.59
000395	01	001	19563	1	NF	911.00	911.00
001583	01	TXV	VAL575213	1	TX	909.82	909.82
001583	01	TXV	VAL575213	2	TX	909.82	909.82
001583	01	TXV	VAL575213	3	TX	909.82	909.82
000955	01	000	11887		NF	908.00	908.00
000939	01		000332544		NF	907.50	907.50
000573	01	1	694	1	NF	903.50	903.50
000625	01	0	10200		NF	903.00	903.00
001280	05		130709	1	NF	901.99	901.99
000290	01	DP	213		NF	900.00	900.00
001712	01	01	63		NF	900.00	900.00
001978	01		470	1	NF	900.00	900.00
001268	01	0	18883		NF	900.00	900.00
001692	01	003	174611	3	NF	884.75	884.75
000395	01	001	19457	2	NF	884.56	884.56
000283	01	1	11122		NF	879.20	879.20
001490	01	1	38714	1	NF	879.20	879.20
000174	01		792444		NF	876.90	876.90
001311	01		10082023		R$	871.43	871.43
001583	01	TXV	TIAGO3133	1	TX	870.74	870.74
001583	01	TXV	TIAGO3133	2	TX	870.74	870.74
001583	01	TXV	TIAGO3133	3	TX	870.74	870.74
001583	01	TXV	VT 08/23V	1	TX	870.74	870.74
001583	01	TXV	VT 08/23V	2	TX	870.74	870.74
001583	01	TXV	VT 08/23V	3	TX	870.74	870.74
001583	01	TXV	VT 08/23V	4	TX	870.74	870.74
001583	01	TXV	VA1606-28	1	TX	870.74	870.74
001583	01	TXV	VA1606-28	2	TX	870.74	870.74
001583	01	TXV	VA1606-28	3	TX	870.74	870.74
001583	01	TXV	VA1606-31	1	TX	870.59	870.59
001583	01	TXV	VA1606-31	2	TX	870.59	870.59
001583	01	TXV	VA1606-31	3	TX	870.59	870.59
000819	01	0	11489		NF	867.80	867.80
000819	01		11537		NF	867.80	867.80
000395	01	001	19507	1	NF	865.21	865.21
000395	01	001	19507	2	NF	865.21	865.21
000395	01	001	19507	3	NF	865.21	865.21
000395	01	001	19507	4	NF	865.21	865.21
000661	01	IMP	052023		DH	863.97	863.97
002621	01	1	141		NF	860.00	860.00
001508	01	0	14489		NF	860.00	860.00
002088	01	NFS	2378	1	NF	856.67	856.67
002088	01	NFS	2378	2	NF	856.67	856.67
001583	01	TXV	TIAGO3132	1	TX	854.63	854.63
001583	01	TXV	TIAGO3132	2	TX	854.63	854.63
001583	01	TXV	TIAGO3132	3	TX	854.63	854.63
001692	01	003	174611	1	NF	852.06	852.06
001692	01	003	174611	2	NF	852.06	852.06
000770	01	1	7386	1	NF	851.52	851.52
000770	01	1	7386	2	NF	851.52	851.52
002619	01		98		NF	850.00	850.00
001583	01	TXV	VT 08/246	1	TX	849.31	849.31
001583	01	TXV	VT 08/246	2	TX	849.31	849.31
001583	01	TXV	VT 08/246	3	TX	849.31	849.31
001583	01	TXV	CGR/01/K6	1	TX	849.31	849.31
001583	01	TXV	CGR/01/K6	2	TX	849.31	849.31
001583	01	TXV	CGR/01/K6	3	TX	849.31	849.31
001583	01	TXV	VA1606-24	1	TX	849.31	849.31
001583	01	TXV	VA1606-24	2	TX	849.31	849.31
001583	01	TXV	VA1606-24	3	TX	849.31	849.31
001583	01	TXV	VA1606-27	1	TX	849.31	849.31
001583	01	TXV	VA1606-27	2	TX	849.31	849.31
001583	01	TXV	VA1606-27	3	TX	849.31	849.31
001990	01	001	1968	1	NF	845.17	845.17
001990	01	001	1968	3	NF	845.16	845.16
003070	01	1	20369	1	NF	845.00	845.00
003070	01	1	20369	2	NF	844.98	844.98
001268	01		20057	1	NF	841.00	841.00
001280	05		20122035	01	NF	832.71	832.71
003049	01	001	244		NF	830.00	830.00
002095	01	1	2834	3	NF	828.98	828.98
002095	01	1	2834	1	NF	828.97	828.97
002095	01	1	2840	1	NF	828.53	828.53
002095	01	1	2840	2	NF	828.53	828.53
002095	01	1	2840	3	NF	828.52	828.52
003035	01	3	36095		NF	827.82	827.82
001268	01	002	335197	1	NF	826.67	826.67
001268	01	002	335197	2	NF	826.67	826.67
001268	01	002	335197	3	NF	826.66	826.66
000770	01	1	7375	1	NF	823.29	823.29
000770	01	1	7375	2	NF	823.29	823.29
001260	01	001	000001425		NF	822.00	822.00
000376	01	0	8920		NF	820.00	820.00
001024	01	DP	201901		NF	814.00	814.00
002825	01	5	1607		NF	813.31	813.31
001987	01	002	3033	1	NF	808.55	808.55
002390	01		5		NF	807.50	807.50
001583	01	TXV	CGR/01/JZ	1	TX	806.88	806.88
001583	01	TXV	CGR/01/JZ	2	TX	806.88	806.88
001285	01	IMP	200620231		R$	806.32	806.32
001268	01	2	333156	1	NF	801.67	801.67
001268	01	2	333156	3	NF	801.66	801.66
002095	01		2109	1	NF	800.00	800.00
000222	01		148891		NF	796.27	796.27
000797	02	DP	335904		NF	795.00	795.00
001996	01	1	11062	1	NF	791.90	791.90
000581	01	000	000002328		NF	790.00	789.95
001583	01	TXV	CGR/01/K5	1	TX	780.36	780.36
001583	01	TXV	CGR/01/K5	2	TX	780.36	780.36
001583	01	TXV	CGR/01/K5	3	TX	780.36	780.36
000376	01	0	8947		NF	775.00	775.00
000864	01		251		NF	772.81	772.81
001771	01	NFS	322		NF	760.00	760.00
001989	01		1033		NF	760.00	760.00
000376	01	0	8776		NF	760.00	760.00
001583	01	TXV	VA1606-26	1	TX	759.30	759.30
001583	01	TXV	VA1606-26	2	TX	759.30	759.30
001583	01	TXV	VA1606-26	3	TX	759.30	759.30
001583	01	TXV	WE3105243	2	TX	759.18	759.18
001583	01	TXV	WE3105243	3	TX	759.18	759.18
001583	01	TXV	WE3105243	4	TX	759.18	759.18
001583	01	TXV	WE3105244	1	TX	759.18	759.18
001583	01	TXV	WE3105244	2	TX	759.18	759.18
001583	01	TXV	WE3105244	3	TX	759.18	759.18
001583	01	TXV	WE3105244	4	TX	759.18	759.18
001583	01	TXV	VAL575211	2	TX	759.18	759.18
001583	01	TXV	VAL575211	3	TX	759.18	759.18
001583	01	TXV	VA1606-20	1	TX	751.71	751.71
001583	01	TXV	VA1606-20	2	TX	751.71	751.71
001583	01	TXV	VA1606-20	3	TX	751.71	751.71
001583	01	TXV	VA1606-29	1	TX	751.71	751.71
001583	01	TXV	VA1606-29	2	TX	751.71	751.71
001583	01	TXV	VA1606-29	3	TX	751.71	751.71
001583	01	TXV	VA1606-30	1	TX	751.71	751.71
001583	01	TXV	VA1606-30	2	TX	751.71	751.71
001583	01	TXV	VA1606-30	3	TX	751.71	751.71
001583	01	TXV	VT 08/240	1	TX	751.71	751.71
001583	01	TXV	VT 08/240	2	TX	751.71	751.71
001583	01	TXV	VT 08/240	3	TX	751.71	751.71
001583	01	TXV	VT 08/247	1	TX	751.71	751.71
001583	01	TXV	VT 08/247	2	TX	751.71	751.71
001583	01	TXV	VT 08/247	3	TX	751.71	751.71
001583	01	TXV	CGR/01/K4	1	TX	751.71	751.71
001583	01	TXV	CGR/01/K4	2	TX	751.71	751.71
001583	01	TXV	CGR/01/K4	3	TX	751.71	751.71
001583	01	TXV	VAL575212	1	TX	751.71	751.71
001583	01	TXV	VAL575212	2	TX	751.71	751.71
001583	01	TXV	VAL575212	3	TX	751.71	751.71
001583	01	TXV	VA1606-25	1	TX	751.71	751.71
001583	01	TXV	VA1606-25	2	TX	751.71	751.71
001583	01	TXV	VA1606-25	3	TX	751.71	751.71
001906	01		210820233		NF	750.00	750.00
001289	01	3	263726		NF	750.00	750.00
000123	01	1	703		NF	744.00	744.00
000983	02	15	457286	1	NF	728.19	728.19
001519	01	1	10422	1	NF	725.00	725.00
000648	01	NFS	802		NF	721.06	721.06
001713	01	01	4863		NF	720.00	720.00
001268	01	002	337367	1	NF	711.00	711.00
000607	01	1	39471		NF	709.87	1419.74
001583	01	TXV	VA1606-28	1	TX	708.99	708.99
001583	01	TXV	VA1606-28	2	TX	708.99	708.99
001583	01	TXV	VA1606-28	3	TX	708.99	708.99
001583	01	TXV	VT 08/245	1	TX	708.99	708.99
001583	01	TXV	VT 08/245	2	TX	708.99	708.99
001583	01	TXV	VT 08/245	3	TX	708.99	708.99
001583	01	TXV	VAL575209	1	TX	708.99	708.99
001583	01	TXV	VAL575209	2	TX	708.99	708.99
001583	01	TXV	VAL575209	3	TX	708.99	708.99
001583	01	TXV	VA1606-19	1	TX	708.99	708.99
001583	01	TXV	VA1606-19	2	TX	708.99	708.99
001583	01	TXV	VA1606-19	3	TX	708.99	708.99
003872	01	2	187		NF	708.64	2125.96
001262	01		140492		NF	703.37	703.37
000648	01	FS0	810		NF	703.00	703.00
000659	01	001	000389989		NF	702.31	702.31
001544	01		000375		R$	700.00	700.00
001598	01	001	7961	1	NF	699.95	699.95
001929	01		118795		NF	690.00	690.00
000319	01		4601	2	NF	687.52	720.00
000417	01	0	48482	1	NF	683.47	683.33
000417	01	0	48482	2	NF	683.33	683.33
000417	01	0	48482	5	NF	683.33	683.33
000060	01	1	17115	1	NF	681.48	681.48
001280	07		67666	1	NF	680.04	680.04
001583	01	TXV	VA1606-27	1	TX	673.84	673.84
001583	01	TXV	VA1606-27	2	TX	673.84	673.84
001583	01	TXV	VA1606-27	3	TX	673.84	673.84
001583	01	TXV	VT 08/244	1	TX	673.84	673.84
001583	01	TXV	VT 08/244	2	TX	673.84	673.84
001583	01	TXV	VT 08/244	3	TX	673.84	673.84
001583	01	TXV	CGR/01/K3	1	TX	673.84	673.84
001583	01	TXV	CGR/01/K3	2	TX	673.84	673.84
001583	01	TXV	CGR/01/K3	3	TX	673.84	673.84
001583	01	TXV	VAL575204	1	TX	673.84	673.84
001583	01	TXV	VAL575204	2	TX	673.84	673.84
001583	01	TXV	VAL575204	3	TX	673.84	673.84
001583	01	TXV	VAL575206	1	TX	673.84	673.84
001583	01	TXV	VAL575206	2	TX	673.84	673.84
001583	01	TXV	VAL575206	3	TX	673.84	673.84
001583	01	TXV	VAL575214	1	TX	673.84	673.84
001583	01	TXV	VAL575214	2	TX	673.84	673.84
001583	01	TXV	VAL575214	3	TX	673.84	673.84
001583	01	TXV	VAL575214	4	TX	673.84	673.84
001268	01		19464	1	NF	670.00	670.00
001268	01		20195	1	NF	666.67	666.67
001268	01		18504	1	NF	666.67	666.67
001268	01		18504	2	NF	666.67	666.67
001268	01		18504	3	NF	666.67	666.67
001268	01	2	336523	1	NF	662.00	662.00
003429	01		301	1	NF	660.00	660.00
000890	01	001	480993	1	NF	658.80	658.80
000022	01	001	97903		NF	656.00	656.00
000815	01	1	1040		NF	655.00	655.00
000894	01	1	24235	1	NF	654.17	654.17
002734	01	001	9616		NF	654.00	654.00
000511	01	001	970424	1	NF	653.00	653.00
000511	01	001	970424	2	NF	653.00	653.00
000967	01	001	1672		NF	650.00	650.00
000739	01	2	261189		NF	649.21	649.21
001703	01	DP	0006		NF	649.00	649.00
000222	01		148873		NF	648.13	648.13
001268	01		17778	1	NF	641.67	641.67
001268	01		17778	2	NF	641.67	641.67
001268	01		17778	3	NF	641.66	641.66
001268	01		19984	1	NF	639.00	639.00
001268	01		19984	2	NF	639.00	639.00
000960	01	1	3046		NF	638.00	638.00
000250	01	001	70163		NF	634.00	634.00
001683	02	177	351	1	NF	631.37	631.37
001683	02	177	351	2	NF	631.37	631.37
001683	02	177	351	3	NF	631.37	631.37
001067	01		309736028		NF	620.77	620.77
001703	01	000	18917		NF	617.02	617.02
002892	01	NFS	2292		NF	609.96	609.96
000960	01	DP	2892-02		NF	606.75	606.75
000780	01	1	56853	1	NF	600.01	600.01
001768	01		15082023		R$	600.00	600.00
000810	01		2		NF	600.00	600.00
002156	01		7106		R$	600.00	600.00
003544	01	0	9133	1	NF	600.00	600.00
003544	01	0	9133	2	NF	600.00	600.00
001280	05		133556	1	NF	599.80	599.80
002596	01	005	243	1	NF	598.03	598.03
002596	01	005	243	2	NF	598.03	598.03
000291	01	001	339006		NF	597.95	597.95
001583	01	TXV	TIAGO3129	2	TX	596.60	596.60
001583	01	TXV	TIAGO3129	3	TX	596.60	596.60
001583	01	TXV	TIAGO3130	1	TX	596.60	596.60
001583	01	TXV	TIAGO3130	2	TX	596.60	596.60
001583	01	TXV	TIAGO3130	3	TX	596.60	596.60
001583	01	TXV	TIAGO3131	1	TX	596.60	596.60
001583	01	TXV	TIAGO3131	2	TX	596.60	596.60
001583	01	TXV	TIAGO3131	3	TX	596.60	596.60
001583	01	TXV	VA1606-25	1	TX	596.60	596.60
001583	01	TXV	VA1606-25	2	TX	596.60	596.60
001583	01	TXV	VA1606-25	3	TX	596.60	596.60
001583	01	TXV	VA1606-25	4	TX	596.60	596.60
001583	01	TXV	VA1606-26	1	TX	596.60	596.60
001583	01	TXV	VA1606-26	2	TX	596.60	596.60
001583	01	TXV	VA1606-26	3	TX	596.60	596.60
001583	01	TXV	VA1606-23	1	TX	596.60	596.60
001583	01	TXV	VA1606-23	2	TX	596.60	596.60
001583	01	TXV	VA1606-23	3	TX	596.60	596.60
001268	01	002	000339786	2	NF	596.00	596.00
002591	01	001	13666		NF	580.90	580.90
001394	01	CIE	3186079		NF	574.86	574.86
002516	01	0	2502		NF	572.94	572.94
000778	01		29557		NF	572.10	572.10
000778	01		30631	1	NF	572.10	572.10
002629	01	1	3402	1	NF	569.05	569.05
002629	01	1	3402	2	NF	569.05	569.05
000735	01		688		NF	566.10	566.10
001387	01		23512	1	NF	562.55	562.55
001268	01		19465	1	NF	561.00	561.00
001514	01	DP	22222		NF	555.62	555.62
001514	01	DP	62201		NF	555.62	555.62
001383	03	001	147559		NF	553.83	553.83
000497	01		6566		NF	552.57	552.57
000283	01		10991		NF	549.50	549.50
000739	01	2	225158		NF	549.20	523.66
001308	01		131020232		NF	548.67	548.67
001583	01	TXV	VT 08/241	1	TX	546.99	546.99
001583	01	TXV	VT 08/241	2	TX	546.99	546.99
001583	01	TXV	VT 08/241	3	TX	546.99	546.99
001583	01	TXV	VT 08/243	1	TX	546.99	546.99
001583	01	TXV	VT 08/243	2	TX	546.99	546.99
001583	01	TXV	VT 08/243	3	TX	546.99	546.99
001583	01	TXV	CGR/01/K1	1	TX	546.99	546.99
001583	01	TXV	CGR/01/K1	2	TX	546.99	546.99
001583	01	TXV	CGR/01/K1	3	TX	546.99	546.99
001583	01	TXV	CGR/01/K2	1	TX	546.99	546.99
001583	01	TXV	CGR/01/K2	2	TX	546.99	546.99
001583	01	TXV	CGR/01/K2	3	TX	546.99	546.99
001583	01	TXV	VAL575203	1	TX	546.99	546.99
001583	01	TXV	VAL575203	2	TX	546.99	546.99
001583	01	TXV	VAL575203	3	TX	546.99	546.99
001583	01	TXV	VA1606-21	1	TX	546.99	546.99
001583	01	TXV	VA1606-21	2	TX	546.99	546.99
001583	01	TXV	VA1606-21	3	TX	546.99	546.99
001583	01	TXV	VA1606-22	1	TX	546.99	546.99
001583	01	TXV	VA1606-22	2	TX	546.99	546.99
001583	01	TXV	VA1606-22	3	TX	546.99	546.99
000129	01	015	40551	1	NF	546.67	546.67
000129	01	015	40551	2	NF	546.67	546.67
000129	01	015	40551	3	NF	546.66	546.66
002733	01	1	189	2	NF	544.33	544.33
001375	01	001	000382675	1	NF	542.85	542.85
000583	01	1	693610	1	NF	542.49	542.49
001583	01	TXV	VT 08/242	1	TX	542.22	542.22
001583	01	TXV	VT 08/242	2	TX	542.22	542.22
001583	01	TXV	VT 08/242	3	TX	542.22	542.22
001161	01	001	1234345	1	NF	542.00	542.00
003015	01		298557		NF	541.66	541.66
001212	01	1	280577	2	NF	538.50	538.50
001079	01	001	23444		NF	538.31	538.31
001338	01	001	000606943	1	NF	534.95	534.95
001338	01	001	000606943	2	NF	534.95	534.95
000045	01	1	75304	1	NF	532.76	532.76
001268	01		19105	1	NF	530.33	530.33
001268	01		19105	2	NF	530.33	530.33
003268	01		2535	1	NF	529.45	529.45
003268	01		2535	2	NF	529.45	529.45
003509	01	1	84553		NF	526.53	526.53
000648	01	DP	18767		NF	526.30	526.30
000045	01	1	76891	1	NF	523.19	523.19
000045	01	1	76891	2	NF	523.19	523.19
000636	09	1	141387	4	NF	522.83	522.83
000636	09	1	141387	1	NF	522.82	522.82
001514	01	001	554715	1	NF	522.54	522.54
001514	01	001	554715	2	NF	522.54	522.54
001514	01	001	554715	3	NF	522.54	522.54
000418	01	1	2926		NF	520.10	520.10
003768	01	001	000016193		NF	520.00	520.00
000520	01	890	40692028	2	NF	515.00	515.00
001268	01		18740	1	NF	515.00	515.00
001161	03	DP	21322		NF	514.90	514.90
000053	01	001	673500	1	NF	514.35	514.35
000382	01		7885		NF	510.00	510.00
001268	01		18358	1	NF	508.67	508.67
001268	01		18358	2	NF	508.67	508.67
001268	01		18357	1	NF	508.33	508.33
001268	01		18357	2	NF	508.33	508.33
002095	01	1	2749	1	NF	503.85	503.85
002095	01	1	2749	2	NF	503.85	503.85
002095	01		2061	3	NF	503.34	503.34
002095	01		2061	1	NF	503.33	503.33
002095	01		2061	2	NF	503.33	503.33
000607	01	1	37073	3	NF	502.58	502.58
000607	01	1	37073	1	NF	502.57	502.57
000607	01	1	37073	2	NF	502.57	502.57
001387	02	002	000083135		NF	502.36	502.36
001066	03	000	013913872		NF	501.87	501.87
002852	01		ELIAS2411		RPA	501.60	501.60
000045	01	1	74928	1	NF	501.54	501.54
000045	01	1	74928	2	NF	501.54	501.54
000291	01	001	339996		NF	500.35	500.35
001289	03	3	67017		NF	500.01	500.01
001743	01	1	70		NF	500.00	500.00
001268	01		20122026	01	NF	500.00	500.00
001268	01		20122026	02	NF	500.00	500.00
001268	01		19474	1	NF	500.00	500.00
000238	01	001	000050634		NF	500.00	500.00
000060	01	NFS	2439		NF	500.00	500.00
001717	01	DP	4757		NF	500.00	500.00
003854	01	FAT	161		RPA	500.00	500.00
003481	01		2023/151		NF	500.00	500.00
000123	01	1	709		NF	500.00	500.00
001982	01	1	354	2	NF	496.53	496.53
001260	01	1	1213	2	NF	488.85	488.85
002095	01	1	2606	1	NF	488.28	488.28
002095	01	1	2606	2	NF	488.27	488.27
001990	01	001	1803	2	NF	487.50	487.50
002615	01	001	000500853		NF	483.00	483.00
002615	04	1	122017		NF	483.00	483.00
002615	01	01	257097		NF	483.00	483.00
002615	03	001	000333343		NF	483.00	483.00
002615	03	001	000333344		NF	483.00	483.00
002615	03	001	000346872		NF	483.00	483.00
001011	02	7	205707	1	NF	482.67	482.67
001268	01	002	335211	1	NF	480.33	480.33
001268	01	002	335211	2	NF	480.33	480.33
002779	01	0	2070		NF	480.00	480.00
000452	01	DP	171		NF	480.00	480.00
001101	01	001	3432	2	NF	480.00	480.00
002816	01	001	390		NF	480.00	480.00
001811	01	001	6491		NF	480.00	480.00
001713	01	01	4857		NF	480.00	480.00
001101	01	1	3488	1	NF	480.00	480.00
001268	01		19027		NF	480.00	480.00
003340	01		40009		NF	479.70	479.70
000770	01	1	7454	1	NF	478.85	478.85
000135	07	GPE	000000009		FER	478.27	2521.88
001268	01	2	333081	1	NF	476.67	476.67
002131	01		36		NF	475.00	475.00
001030	01	000	4214		NF	473.00	473.00
002740	01	001	1336		NF	473.00	473.00
000819	01		12219		NF	473.00	473.00
000395	01	DP	194511		NF	472.83	472.83
002095	01	1	2607	1	NF	470.65	470.65
002095	01	1	2607	2	NF	470.64	470.64
002095	01	1	2746	3	NF	467.60	467.58
002095	01	1	2746	1	NF	467.59	467.59
002095	01	1	2746	2	NF	467.59	467.59
000116	01	1	39032	1	NF	464.50	464.50
001583	01	TXV	CGR/01/K0	1	TX	462.85	462.85
001583	01	TXV	CGR/01/K0	2	TX	462.85	462.85
001583	01	TXV	CGR/01/K0	3	TX	462.85	462.85
001729	02	1	538176		NF	461.24	461.24
003502	01	001	000000524		NF	460.00	460.00
001268	01	002	000338312	1	NF	456.67	456.67
003340	01	002	480089		NF	455.12	455.12
001583	01	TXV	VA1606-24	1	TX	454.87	454.87
001583	01	TXV	VA1606-24	2	TX	454.87	454.87
001583	01	TXV	VA1606-24	3	TX	454.87	454.87
000458	01	001	5994		NF	454.15	454.15
001268	01	002	337363	1	NF	453.33	453.33
000107	05	DP	37203		NF	452.00	452.00
002596	01	NFS	2885	1	NF	451.36	451.36
002596	01	NFS	2885	2	NF	451.35	451.35
000379	01		701		NF	451.00	1353.00
001001	01	001	2579		NF	450.00	450.00
000906	01	NFS	1789		NF	450.00	450.00
002852	01		ELIAS0910		RPA	448.32	448.32
001268	01		19983	1	NF	441.67	441.67
001268	01		19983	2	NF	441.67	441.67
000060	01	NFS	2508		NF	440.00	440.00
001628	01		294		NF	440.00	440.00
000283	01	1	11130		NF	439.60	439.60
001583	01	TXV	VT 08/23Y	1	TX	438.22	438.22
001583	01	TXV	VT 08/23Y	2	TX	438.22	438.22
001583	01	TXV	VT 08/23Y	3	TX	438.22	438.22
002392	01		171		NF	435.00	435.00
001990	01	1	1317		NF	428.50	428.50
001012	01	001	000027044	2	NF	425.00	425.00
001285	01	DIF	08/2023-1		R$	423.51	423.51
003520	01	2	6175		NF	422.39	422.39
001263	01	00	19		NF	420.00	420.00
003066	01	000	56		NF	420.00	420.00
000906	01	1	2227		NF	420.00	420.00
002095	01		1951	1	NF	419.24	419.24
002095	01		1951	2	NF	419.24	419.24
002095	01		1951	3	NF	419.23	419.23
001583	01	TXV	VA1606-22	1	TX	419.23	419.23
001583	01	TXV	VA1606-22	2	TX	419.23	419.23
001583	01	TXV	VA1606-22	3	TX	419.23	419.23
001583	01	TXV	VA1606-23	1	TX	419.23	419.23
001583	01	TXV	VA1606-23	2	TX	419.23	419.23
001583	01	TXV	VA1606-23	3	TX	419.23	419.23
000894	01		90210347		NF	415.06	415.06
001268	01		19107	1	NF	413.87	413.87
001268	01		19107	2	NF	413.87	413.87
002095	01		1968	1	NF	413.33	413.33
002095	01		1968	2	NF	413.33	413.33
000053	01	001	667040	1	NF	412.85	412.85
000053	01	001	667040	2	NF	412.85	412.85
000053	01	001	667040	3	NF	412.84	412.84
001583	01	TXV	VA1606-20	1	TX	412.46	412.46
001583	01	TXV	VA1606-20	2	TX	412.46	412.46
001583	01	TXV	VA1606-20	3	TX	412.46	412.46
001338	01		11337		NF	411.95	411.95
000458	01		5968003		NF	411.19	411.19
002380	01	1	5720	1	NF	410.81	410.81
002380	01	1	5720	2	NF	410.81	410.81
002380	01	1	5720	3	NF	410.81	410.81
001982	01	1	363	4	NF	410.32	410.32
001982	01	1	363	1	NF	410.31	410.31
001982	01	1	363	2	NF	410.31	410.31
002682	01	4	4139	2	NF	404.67	404.67
001313	01	DP	52536		NF	402.93	402.93
000939	01	0	331727	1	NF	402.33	402.33
001870	01	001	1184		NF	401.00	401.00
002758	01	005	10536	1	NF	400.00	400.00
001289	03	3	66818		NF	400.00	400.00
002905	01	000	22		NF	399.00	399.00
001222	01	1	2463	3	NF	398.34	398.34
001222	01	1	2463	1	NF	398.33	398.33
001222	01	1	2463	2	NF	398.33	398.33
000107	01	002	106936		NF	398.00	398.00
001268	01	2	337273	3	NF	397.34	397.34
000066	01	1	29655	1	NF	396.97	396.97
001234	01	0	21150408	1	NF	395.77	395.77
001234	01	0	21150408	2	NF	395.77	395.77
001234	01	0	21150408	3	NF	395.77	395.77
003200	01		14		NF	395.00	395.00
000854	01	1	63984	3	NF	393.34	393.34
002095	01		2052	1	NF	392.67	392.67
002095	01		2052	3	NF	392.66	392.66
000060	01	1	17260	1	NF	392.50	392.50
000060	01	1	17260	2	NF	392.49	392.49
001213	01	DP	502993		NF	390.00	390.00
000314	01	1	200957	1	NF	387.73	387.73
000526	01	1	1605		NF	386.50	386.50
001457	01	1	23064	1	NF	385.63	385.63
001392	01		58384363		BOL	384.02	384.02
001746	01		43	1	NF	380.00	380.00
001746	01		43	2	NF	380.00	380.00
000769	01		25399		NF	380.00	380.00
001268	01		19982	1	NF	377.33	377.33
001268	01		19982	2	NF	377.33	377.33
002095	01	1	2728	1	NF	377.06	377.06
002095	01	1	2728	2	NF	377.06	377.06
000458	01	001	6059	2	NF	376.79	376.79
001001	01	001	2580		NF	375.00	375.00
001313	01	1	52676		NF	370.19	370.19
001268	01		20554		NF	370.00	370.00
001268	01		19025	1	NF	367.50	367.50
001268	01		19025	2	NF	367.50	367.50
001403	01		587	1	NF	367.10	367.10
001403	01		587	2	NF	367.10	367.10
001268	01		17731	1	NF	366.67	366.67
001268	01		17731	2	NF	366.67	366.67
001268	01		17731	3	NF	366.66	366.66
000999	01	001	6270	1	NF	366.25	366.25
001583	01	TXV	TIAGO3137	1	TX	364.54	364.54
001583	01	TXV	TIAGO3137	2	TX	364.54	364.54
001583	01	TXV	TIAGO3137	3	TX	364.54	364.54
001583	01	TXV	TIAGO3137	4	TX	364.54	364.54
001583	01	TXV	TIAGO3137	5	TX	364.54	364.54
000894	01	1	23984	1	NF	363.60	363.60
002095	01	1	2495	1	NF	362.80	362.80
002095	01	1	2495	2	NF	362.80	362.80
002095	01		1823	1	NF	362.50	362.50
002095	01		1823	2	NF	362.50	362.50
002718	01	0	123		NF	360.00	360.00
000291	01	001	339005		NF	357.60	357.60
001268	01		20555	1	NF	354.67	354.67
000819	01		11742		NF	353.50	353.50
001268	01	002	000339731	1	NF	351.33	351.33
000386	01		6333		NF	351.01	351.01
000386	01	NFS	5820		NF	351.01	351.01
000819	01		10721		NF	350.90	350.90
000769	01	000	25263		NF	350.00	350.00
001428	01	DP	62206		NF	350.00	350.00
001280	05		131045		NF	350.00	350.00
002095	01		1783	1	NF	350.00	350.00
002095	01		1783	2	NF	350.00	350.00
000520	01	2	000000451		NF	350.00	350.00
000735	01		1280		NF	350.00	350.00
001428	01	DP	A000		NF	350.00	350.00
002417	01		4964		NF	348.00	348.00
001313	01	1	52675		NF	347.12	347.12
002401	01		2582		NF	347.00	347.00
002095	01		1952	1	NF	345.00	345.00
002095	01		1952	2	NF	345.00	345.00
001691	01		229		NF	342.00	342.00
002127	01	IMP	003915404	1	DH	341.90	341.90
001729	03	1	1029731		NF	340.59	340.59
001929	01		117334		NF	340.00	340.00
001929	01		117337		NF	340.00	340.00
001929	01		118082		NF	340.00	340.00
001929	01		118083		NF	340.00	340.00
001929	01		118806		NF	340.00	340.00
001929	01		119240		NF	340.00	340.00
001929	01		119241		NF	340.00	340.00
001929	01		120723		NF	340.00	340.00
001929	01		121333		NF	340.00	340.00
001929	01	1	117335		NF	340.00	340.00
002088	01	1	6868	3	NF	339.32	339.32
000062	01	3	5407686		NF	339.01	339.01
001363	01	1	40455		NF	337.80	337.80
002089	01	001	10471	1	NF	335.00	335.00
002089	01	001	10471	2	NF	335.00	335.00
000770	01	1	7622	1	NF	334.73	334.73
000770	01	1	7622	2	NF	334.73	334.73
001268	01	000	18278	1	NF	333.34	333.34
001268	01	000	18278	2	NF	333.34	333.34
001268	01	000	18278	3	NF	333.32	333.32
002088	01	NFS	2474	2	NF	332.16	332.16
001184	01		224		NF	330.00	330.00
003268	01		2536	1	NF	329.33	329.33
003268	01		2536	2	NF	329.33	329.33
000583	01	1	676430		NF	327.56	327.56
001268	01		18361	1	NF	325.33	325.33
001268	01		18361	2	NF	325.33	325.33
001929	01		118406		NF	324.19	324.19
001830	01	000	1410		NF	320.00	320.00
001280	04		2182023		NF	320.00	320.00
002744	01	001	13498		NF	320.00	320.00
000060	01	NFS	2440		NF	320.00	320.00
000344	01		22712		NF	320.00	320.00
001144	01		470		NF	320.00	320.00
001280	07	1	67647	1	NF	319.52	319.52
001268	01		17490	3	NF	319.34	319.34
001268	01		17490	1	NF	319.33	319.33
001268	01		17490	2	NF	319.33	319.33
000570	01		15934		NF	315.60	315.60
001001	01	001	2631		NF	315.00	315.00
000641	01	TX	VA1606-37	1	BOL	314.80	314.80
001843	01	1	49	1	NF	314.59	314.59
002865	01	001	338		NF	312.00	312.00
000807	01		CNS202311		BOL	311.12	311.12
001490	01	1	39261		NF	310.90	310.90
003035	01	3	36684		NF	310.10	310.10
002865	01	001	329		NF	310.00	310.00
002392	01		182		NF	310.00	310.00
000632	01	1	66459	1	NF	310.00	310.00
000807	01		CW202309		BOL	306.11	306.11
001729	02	1	537847		NF	303.76	303.76
002819	01	01	20392		NF	303.00	303.00
002619	01	000	78		NF	300.00	300.00
002095	01		1658	1	NF	300.00	300.00
002095	01		1658	2	NF	300.00	300.00
002095	01		1926		NF	300.00	300.00
001001	01	001	2597		NF	300.00	300.00
001577	01	01	62		NF	300.00	300.00
002758	01	NFS	2093	1	NF	300.00	300.00
000060	01	NFS	2329	1	NF	300.00	300.00
000060	01	NFS	2329	2	NF	300.00	300.00
000544	01	U	49012		NF	300.00	300.00
003586	01	0	5756		NF	300.00	300.00
001910	01	0	60930		NF	300.00	300.00
003582	01	0	682		NF	300.00	300.00
001583	01	TXV	VA1606-34	2	TX	298.37	298.37
001583	01	TXV	VA1606-34	3	TX	298.37	298.37
001583	01	TXV	VA1606-34	4	TX	298.37	298.37
001583	01	TXV	VA1606-34	5	TX	298.37	298.37
002631	01	FV	594		CP	298.00	298.00
000641	01	TX	VT 08/276	1	BOL	293.47	293.47
000011	01	TX	WE310523S	1	BOL	293.47	293.47
001960	01		913		NF	290.00	290.00
000786	01	000	282		NF	290.00	290.00
003102	01	0	17308		NF	290.00	290.00
000060	01	1	17259		NF	285.62	285.62
001280	05	001	000139872	1	NF	282.15	282.15
001268	01		18362	1	NF	280.67	280.67
001268	01		18362	2	NF	280.67	280.67
001392	01		58384082		BOL	280.42	280.42
002591	01	1	13597	1	NF	280.00	280.00
002591	01	1	13597	2	NF	280.00	280.00
000183	02	1	146855	2	NF	278.60	278.60
000526	01	1	1694	1	NF	276.31	276.31
002025	01		62683		NF	275.99	275.99
000314	01	DP	10550991		NF	275.60	275.60
002025	01		64517		NF	275.59	275.59
000632	02	001	74607	1	NF	275.00	275.00
001268	01		18364	1	NF	273.33	273.33
001268	01		18364	2	NF	273.33	273.33
002025	01		63789		NF	270.00	270.00
003734	01	001	000000547		NF	269.99	269.99
000250	01	1	67274		NF	269.85	269.85
003515	01	1	68210		NF	267.57	267.57
001375	01	1	366173		NF	267.39	267.39
003807	01	3	000004094		NF	267.09	267.09
000391	01		7090	1	NF	266.67	266.67
000391	01		7090	2	NF	266.67	266.67
001268	01	002	000339615	1	NF	264.67	264.67
001268	01	002	000339615	2	NF	264.67	264.67
001859	01	001	392		NF	264.00	264.00
001268	01	002	334080	3	NF	262.34	262.34
001268	01	002	334080	1	NF	262.33	262.33
000275	01	TX	VA1606-52	1	BOL	260.32	260.32
000011	01	TX	VAL574652	1	BOL	260.32	260.32
000011	01	TX	VAL574655	1	BOL	260.32	260.32
000417	01	0	48516	1	NF	260.05	260.05
000417	01	0	48516	2	NF	260.05	260.05
000417	01	0	48516	3	NF	260.05	260.05
000417	01	0	48516	4	NF	260.05	260.05
000417	01	0	48516	5	NF	260.05	260.05
002095	01		1955		NF	260.00	260.00
002095	01	1	2745	1	NF	253.69	253.69
002095	01	1	2745	2	NF	253.68	253.68
000155	01	2	147662		NF	253.00	253.00
002865	01	001	317		NF	252.00	252.00
002865	01	001	322		NF	252.00	252.00
001234	01	0	21342834	3	NF	250.08	250.08
001234	01	0	21342834	1	NF	250.07	250.07
000461	01		105579		NF	250.00	250.00
003806	01	3	000007215		NF	248.43	248.43
002377	01		2083	3	NF	246.66	246.66
000053	01		180061	1	NF	245.06	245.06
000053	01		180061	2	NF	245.06	245.06
000053	01		180061	3	NF	245.06	245.06
000770	01	1	7459		NF	241.50	241.50
001234	01	0	21167499	3	NF	241.14	241.14
001234	01	0	21167499	1	NF	241.13	241.13
000314	01	1	198432	1	NF	240.80	240.80
001698	01	00	7442		NF	240.00	240.00
001280	05	001	138469	2	NF	240.00	240.00
001280	05	001	138469	3	NF	240.00	240.00
001871	01	001	20231578		NF	240.00	240.00
000523	01	0	14666		NF	240.00	240.00
002239	01	CV	12	01	NF	240.00	360.00
002930	01	1	13131		NF	238.27	238.27
000387	01	00	182412		NF	237.98	237.98
000387	01	00U	193056		NF	237.98	237.98
001001	01	001	2610		NF	237.00	237.00
000201	01	TX	VA1606-70	1	BOL	234.78	234.78
001268	01	002	332115	1	NF	234.67	234.67
001268	01	002	332115	2	NF	234.67	234.67
001268	01	002	332115	3	NF	234.66	234.66
001234	01	000	021580640	1	NF	230.88	230.88
000239	01	001	16959		NF	230.00	230.00
002319	01	CXV	AGS373	01	NF	230.00	230.00
002319	01	CXV	AGS380	01	NF	230.00	230.00
001394	01		3187886		NF	230.00	230.00
001497	01	0	1483		NF	230.00	230.00
001268	01	002	000339621	1	NF	228.33	228.33
001268	01	002	000339621	2	NF	228.33	228.33
001512	01	000	15883		NF	228.00	228.00
001692	01	NFS	19850	3	NF	226.96	226.96
001692	01	NFS	19850	1	NF	226.95	226.95
001692	01	NFS	19850	2	NF	226.95	226.95
001280	05		130952	3	NF	223.34	223.34
001280	05		130952	2	NF	223.33	223.33
000053	01		182583	1	NF	223.12	223.12
002095	01		1954	1	NF	220.00	220.00
002095	01		1954	2	NF	220.00	220.00
001268	01		20055	1	NF	218.33	218.33
001268	01		20055	2	NF	218.33	218.33
003804	01	1	000032633		NF	218.28	218.28
002095	01		1822	1	NF	217.50	217.50
002095	01		1822	2	NF	217.50	217.50
000291	01	001	339999		NF	217.00	217.00
002615	03	001	000346865		NF	214.00	214.00
001234	01	0	21227100	1	NF	213.31	213.31
001234	01	0	21227100	2	NF	213.31	213.31
001234	01	0	21161377	1	NF	212.72	212.72
001234	01	0	21161377	2	NF	212.72	212.72
001268	01	02	330365	1	NF	212.50	212.50
001404	01		54334749		NF	210.51	210.51
001699	01		3908		NF	210.00	210.00
000326	01	0	50799		NF	209.28	209.28
001584	01	TXV	VAL574667	1	BOL	207.34	207.34
001584	01	TXV	VAL574668	1	BOL	207.34	207.34
001584	01	TXV	VAL574669	1	BOL	207.34	207.34
001584	01	TXV	VAL574670	1	BOL	207.34	207.34
001584	01	TXV	VAL574671	1	BOL	207.34	207.34
001584	01	TXV	VAL574672	1	BOL	207.34	207.34
001584	01	TXV	VAL574673	1	BOL	207.34	207.34
001584	01	TXV	VAL574674	1	BOL	207.34	207.34
001584	01	TXV	VAL574675	1	BOL	207.34	207.34
001584	01	TXV	VAL574676	1	BOL	207.34	207.34
001584	01	TXV	VAL574677	1	BOL	207.34	207.34
001584	01	TXV	VAL574678	1	BOL	207.34	207.34
001584	01	TXV	VAL574679	1	BOL	207.34	207.34
001584	01	TXV	VAL574680	1	BOL	207.34	207.34
001584	01	TXV	VAL574681	1	BOL	207.34	207.34
001584	01	TXV	VAL574682	1	BOL	207.34	207.34
001584	01	TXV	VAL574683	1	BOL	207.34	207.34
001584	01	TXV	VAL574684	1	BOL	207.34	207.34
001584	01	TXV	VAL574685	1	BOL	207.34	207.34
001584	01	TXV	VAL574686	1	BOL	207.34	207.34
001584	01	TXV	VAL574687	1	BOL	207.34	207.34
001584	01	TXV	VAL574688	1	BOL	207.34	207.34
001584	01	TXV	VAL574689	1	BOL	207.34	207.34
001584	01	TXV	VAL574690	1	BOL	207.34	207.34
001584	01	TXV	VAL574691	1	BOL	207.34	207.34
001584	01	TXV	VAL574692	1	BOL	207.34	207.34
001584	01	TXV	VAL574693	1	BOL	207.34	207.34
001584	01	TXV	VAL574694	1	BOL	207.34	207.34
001584	01	TXV	VAL574695	1	BOL	207.34	207.34
001584	01	TXV	VAL574696	1	BOL	207.34	207.34
001584	01	TXV	VAL574697	1	BOL	207.34	207.34
001584	01	TXV	VAL574698	1	BOL	207.34	207.34
001584	01	TXV	VAL574699	1	BOL	207.34	207.34
001584	01	TXV	VAL574700	1	BOL	207.34	207.34
001584	01	TXV	VAL574701	1	BOL	207.34	207.34
001584	01	TXV	VAL574702	1	BOL	207.34	207.34
001584	01	TXV	VAL574927	1	BOL	207.34	207.34
001584	01	TXV	VAL574928	1	BOL	207.34	207.34
001584	01	TXV	VAL574929	1	BOL	207.34	207.34
001584	01	TXV	VAL574930	1	BOL	207.34	207.34
001584	01	TXV	VAL574931	1	BOL	207.34	207.34
001584	01	TXV	VAL574932	1	BOL	207.34	207.34
001584	01	TXV	VAL574933	1	BOL	207.34	207.34
001584	01	TXV	VAL574934	1	BOL	207.34	207.34
001584	01	TXV	VAL574935	1	BOL	207.34	207.34
001584	01	TXV	VAL574936	1	BOL	207.34	207.34
001584	01	TXV	VAL574937	1	BOL	207.34	207.34
001584	01	TXV	VAL574938	1	BOL	207.34	207.34
001584	01	TXV	VAL574939	1	BOL	207.34	207.34
001584	01	TXV	VAL574940	1	BOL	207.34	207.34
001584	01	TXV	VAL574941	1	BOL	207.34	207.34
001584	01	TXV	VAL574942	1	BOL	207.34	207.34
001584	01	TXV	VAL574943	1	BOL	207.34	207.34
001584	01	TXV	VAL574944	1	BOL	207.34	207.34
001584	01	TXV	VAL574945	1	BOL	207.34	207.34
001584	01	TXV	VAL574946	1	BOL	207.34	207.34
001584	01	TXV	VAL574947	1	BOL	207.34	207.34
001584	01	TXV	VAL574948	1	BOL	207.34	207.34
001584	01	TXV	VAL574949	1	BOL	207.34	207.34
001584	01	TXV	VAL574950	1	BOL	207.34	207.34
001584	01	TXV	VAL574951	1	BOL	207.34	207.34
001584	01	TXV	VAL574952	1	BOL	207.34	207.34
001584	01	TXV	VAL574953	1	BOL	207.34	207.34
001584	01	TXV	VAL574954	1	BOL	207.34	207.34
001584	01	TXV	VAL574955	1	BOL	207.34	207.34
001584	01	TXV	VAL574956	1	BOL	207.34	207.34
001584	01	TXV	VAL574957	1	BOL	207.34	207.34
001584	01	TXV	VAL574958	1	BOL	207.34	207.34
001584	01	TXV	VAL574959	1	BOL	207.34	207.34
001584	01	TXV	VAL574960	1	BOL	207.34	207.34
001584	01	TXV	VAL574961	1	BOL	207.34	207.34
001584	01	TXV	VAL574962	1	BOL	207.34	207.34
001584	01	TXV	VAL574963	1	BOL	207.34	207.34
001584	01	TXV	VAL574964	1	BOL	207.34	207.34
001584	01	TXV	VAL574965	1	BOL	207.34	207.34
001584	01	TXV	VAL574966	1	BOL	207.34	207.34
001584	01	TXV	VAL574967	1	BOL	207.34	207.34
001584	01	TXV	VAL574968	1	BOL	207.34	207.34
001584	01	TXV	VAL574969	1	BOL	207.34	207.34
001584	01	TXV	VAL574970	1	BOL	207.34	207.34
001584	01	TXV	VAL574971	1	BOL	207.34	207.34
001584	01	TXV	VAL574972	1	BOL	207.34	207.34
001584	01	TXV	VAL574973	1	BOL	207.34	207.34
001584	01	TXV	VAL574974	1	BOL	207.34	207.34
001584	01	TXV	VAL574975	1	BOL	207.34	207.34
001584	01	TXV	VAL574976	1	BOL	207.34	207.34
001584	01	TXV	VAL574977	1	BOL	207.34	207.34
001584	01	TXV	VAL574978	1	BOL	207.34	207.34
001584	01	TXV	VAL574979	1	BOL	207.34	207.34
001584	01	TXV	VAL574980	1	BOL	207.34	207.34
001584	01	TXV	VAL574981	1	BOL	207.34	207.34
001584	01	TXV	VAL574982	1	BOL	207.34	207.34
001584	01	TXV	VAL574983	1	BOL	207.34	207.34
001584	01	TXV	VAL574984	1	BOL	207.34	207.34
001584	01	TXV	VAL574985	1	BOL	207.34	207.34
001584	01	TXV	VAL574986	1	BOL	207.34	207.34
001584	01	TXV	VAL574987	1	BOL	207.34	207.34
001584	01	TXV	VAL574988	1	BOL	207.34	207.34
001584	01	TXV	VAL574989	1	BOL	207.34	207.34
001584	01	TXV	VAL574990	1	BOL	207.34	207.34
001584	01	TXV	VAL574991	1	BOL	207.34	207.34
001584	01	TXV	VAL574992	1	BOL	207.34	207.34
001584	01	TXV	VAL574993	1	BOL	207.34	207.34
001584	01	TXV	VAL574994	1	BOL	207.34	207.34
001584	01	TXV	VAL574995	1	BOL	207.34	207.34
001584	01	TXV	VAL574996	1	BOL	207.34	207.34
001584	01	TXV	VAL574997	1	BOL	207.34	207.34
001584	01	TXV	VAL574998	1	BOL	207.34	207.34
001584	01	TXV	VAL574999	1	BOL	207.34	207.34
001584	01	TXV	VAL575000	1	BOL	207.34	207.34
001584	01	TXV	VAL575001	1	BOL	207.34	207.34
001584	01	TXV	VAL575009	1	BOL	207.34	207.34
001584	01	TXV	VAL575010	1	BOL	207.34	207.34
001584	01	TXV	VAL575011	1	BOL	207.34	207.34
001584	01	TXV	VAL575012	1	BOL	207.34	207.34
001584	01	TXV	VAL575013	1	BOL	207.34	207.34
001584	01	TXV	VAL575014	1	BOL	207.34	207.34
001584	01	TXV	VAL575015	1	BOL	207.34	207.34
001584	01	TXV	VAL575016	1	BOL	207.34	207.34
001584	01	TXV	VAL575017	1	BOL	207.34	207.34
001584	01	TXV	VAL575018	1	BOL	207.34	207.34
001584	01	TXV	VAL575019	1	BOL	207.34	207.34
001584	01	TXV	VAL575020	1	BOL	207.34	207.34
001584	01	TXV	VAL575021	1	BOL	207.34	207.34
001584	01	TXV	VAL575022	1	BOL	207.34	207.34
001584	01	TXV	VAL575023	1	BOL	207.34	207.34
001584	01	TXV	VAL575024	1	BOL	207.34	207.34
001584	01	TXV	VAL575025	1	BOL	207.34	207.34
001584	01	TXV	VAL575026	1	BOL	207.34	207.34
001584	01	TXV	VAL575027	1	BOL	207.34	207.34
001584	01	TXV	VAL575028	1	BOL	207.34	207.34
001584	01	TXV	VAL575029	1	BOL	207.34	207.34
001584	01	TXV	VAL575030	1	BOL	207.34	207.34
001584	01	TXV	VAL575031	1	BOL	207.34	207.34
001584	01	TXV	VAL575032	1	BOL	207.34	207.34
001584	01	TXV	VAL575033	1	BOL	207.34	207.34
001584	01	TXV	VAL575034	1	BOL	207.34	207.34
001584	01	TXV	VAL575035	1	BOL	207.34	207.34
001584	01	TXV	VAL575037	1	BOL	207.34	207.34
001584	01	TXV	VAL575038	1	BOL	207.34	207.34
001584	01	TXV	VAL575039	1	BOL	207.34	207.34
001584	01	TXV	VAL575040	1	BOL	207.34	207.34
001584	01	TXV	VAL575041	1	BOL	207.34	207.34
001584	01	TXV	VAL575042	1	BOL	207.34	207.34
001584	01	TXV	VAL575043	1	BOL	207.34	207.34
001584	01	TXV	VAL575044	1	BOL	207.34	207.34
001584	01	TXV	VAL575045	1	BOL	207.34	207.34
001584	01	TXV	VAL575046	1	BOL	207.34	207.34
001584	01	TXV	VAL575047	1	BOL	207.34	207.34
001584	01	TXV	VAL575048	1	BOL	207.34	207.34
001584	01	TXV	VAL575049	1	BOL	207.34	207.34
001584	01	TXV	VAL575050	1	BOL	207.34	207.34
001584	01	TXV	VAL575051	1	BOL	207.34	207.34
001584	01	TXV	VAL575052	1	BOL	207.34	207.34
001584	01	TXV	VAL575053	1	BOL	207.34	207.34
001584	01	TXV	VAL575054	1	BOL	207.34	207.34
001584	01	TXV	VAL575055	1	BOL	207.34	207.34
001584	01	TXV	VAL575056	1	BOL	207.34	207.34
001584	01	TXV	VAL575057	1	BOL	207.34	207.34
001584	01	TXV	VAL575058	1	BOL	207.34	207.34
001584	01	TXV	VAL575059	1	BOL	207.34	207.34
001584	01	TXV	VAL575060	1	BOL	207.34	207.34
001584	01	TXV	VAL575061	1	BOL	207.34	207.34
001584	01	TXV	VAL575062	1	BOL	207.34	207.34
001584	01	TXV	VAL575063	1	BOL	207.34	207.34
001584	01	TXV	VAL575064	1	BOL	207.34	207.34
001584	01	TXV	VAL575065	1	BOL	207.34	207.34
001584	01	TXV	VAL575066	1	BOL	207.34	207.34
001584	01	TXV	VAL575067	1	BOL	207.34	207.34
001584	01	TXV	VAL575068	1	BOL	207.34	207.34
001584	01	TXV	VAL575069	1	BOL	207.34	207.34
001584	01	TXV	VAL575070	1	BOL	207.34	207.34
001584	01	TXV	VAL575071	1	BOL	207.34	207.34
001584	01	TXV	VAL575072	1	BOL	207.34	207.34
001584	01	TXV	VAL575073	1	BOL	207.34	207.34
001584	01	TXV	VAL575074	1	BOL	207.34	207.34
001584	01	TXV	VAL575075	1	BOL	207.34	207.34
001584	01	TXV	VAL575076	1	BOL	207.34	207.34
001584	01	TXV	VAL575077	1	BOL	207.34	207.34
001584	01	TXV	VAL575078	1	BOL	207.34	207.34
001584	01	TXV	VAL575079	1	BOL	207.34	207.34
001584	01	TXV	VAL575080	1	BOL	207.34	207.34
001584	01	TXV	VAL575081	1	BOL	207.34	207.34
001584	01	TXV	VAL575082	1	BOL	207.34	207.34
001584	01	TXV	VAL575083	1	BOL	207.34	207.34
001584	01	TXV	VAL575084	1	BOL	207.34	207.34
001584	01	TXV	VAL575086	1	BOL	207.34	207.34
001584	01	TXV	VAL575087	1	BOL	207.34	207.34
001584	01	TXV	VAL575088	1	BOL	207.34	207.34
001584	01	TXV	VAL575089	1	BOL	207.34	207.34
001584	01	TXV	VAL575090	1	BOL	207.34	207.34
001584	01	TXV	VAL575091	1	BOL	207.34	207.34
001584	01	TXV	VAL575092	1	BOL	207.34	207.34
001584	01	TXV	VAL575093	1	BOL	207.34	207.34
001584	01	TXV	VAL575094	1	BOL	207.34	207.34
001584	01	TXV	VAL575095	1	BOL	207.34	207.34
001584	01	TXV	VAL575096	1	BOL	207.34	207.34
001584	01	TXV	VAL575097	1	BOL	207.34	207.34
001584	01	TXV	VAL575098	1	BOL	207.34	207.34
001584	01	TXV	VAL575099	1	BOL	207.34	207.34
001584	01	TXV	VAL575100	1	BOL	207.34	207.34
001584	01	TXV	VAL575101	1	BOL	207.34	207.34
001584	01	TXV	VAL575102	1	BOL	207.34	207.34
001584	01	TXV	VAL575103	1	BOL	207.34	207.34
001584	01	TXV	VAL575104	1	BOL	207.34	207.34
001584	01	TXV	VAL575105	1	BOL	207.34	207.34
001584	01	TXV	VAL575106	1	BOL	207.34	207.34
001584	01	TXV	VAL575107	1	BOL	207.34	207.34
001584	01	TXV	VAL575108	1	BOL	207.34	207.34
001584	01	TXV	VAL575109	1	BOL	207.34	207.34
001584	01	TXV	VAL575110	1	BOL	207.34	207.34
001584	01	TXV	VAL575111	1	BOL	207.34	207.34
001584	01	TXV	VAL575112	1	BOL	207.34	207.34
001584	01	TXV	VAL575113	1	BOL	207.34	207.34
001584	01	TXV	VAL575114	1	BOL	207.34	207.34
001584	01	TXV	VAL575115	1	BOL	207.34	207.34
001584	01	TXV	VAL575116	1	BOL	207.34	207.34
001584	01	TXV	VAL575117	1	BOL	207.34	207.34
001584	01	TXV	VAL575118	1	BOL	207.34	207.34
001584	01	TXV	VAL575119	1	BOL	207.34	207.34
001584	01	TXV	VAL575120	1	BOL	207.34	207.34
001584	01	TXV	VAL575121	1	BOL	207.34	207.34
001584	01	TXV	VAL575122	1	BOL	207.34	207.34
001584	01	TXV	VAL575126	1	BOL	207.34	207.34
001584	01	TXV	VAL575127	1	BOL	207.34	207.34
001584	01	TXV	VAL575128	1	BOL	207.34	207.34
001584	01	TXV	VAL575129	1	BOL	207.34	207.34
001584	01	TXV	VAL575130	1	BOL	207.34	207.34
001584	01	TXV	VAL575131	1	BOL	207.34	207.34
001584	01	TXV	VAL575132	1	BOL	207.34	207.34
001584	01	TXV	VAL575133	1	BOL	207.34	207.34
001584	01	TXV	VAL575134	1	BOL	207.34	207.34
001584	01	TXV	VAL575135	1	BOL	207.34	207.34
001584	01	TXV	VAL575136	1	BOL	207.34	207.34
001584	01	TXV	VAL575137	1	BOL	207.34	207.34
001584	01	TXV	VAL575138	1	BOL	207.34	207.34
001584	01	TXV	VAL575139	1	BOL	207.34	207.34
001584	01	TXV	VAL575140	1	BOL	207.34	207.34
001584	01	TXV	VAL575141	1	BOL	207.34	207.34
001584	01	TXV	VAL575142	1	BOL	207.34	207.34
001584	01	TXV	VAL575143	1	BOL	207.34	207.34
001584	01	TXV	VAL575144	1	BOL	207.34	207.34
001584	01	TXV	VAL575145	1	BOL	207.34	207.34
001584	01	TXV	VAL575146	1	BOL	207.34	207.34
001584	01	TXV	VAL575147	1	BOL	207.34	207.34
001584	01	TXV	VAL575148	1	BOL	207.34	207.34
001584	01	TXV	VAL575149	1	BOL	207.34	207.34
001584	01	TXV	VAL575150	1	BOL	207.34	207.34
001584	01	TXV	VAL575153	1	BOL	207.34	207.34
001584	01	TXV	VAL575154	1	BOL	207.34	207.34
001584	01	TXV	VAL575155	1	BOL	207.34	207.34
001584	01	TXV	VAL575156	1	BOL	207.34	207.34
001584	01	TXV	VAL575157	1	BOL	207.34	207.34
001584	01	TXV	VAL575158	1	BOL	207.34	207.34
001584	01	TXV	VAL575159	1	BOL	207.34	207.34
001584	01	TXV	VAL575160	1	BOL	207.34	207.34
001584	01	TXV	VAL575161	1	BOL	207.34	207.34
001584	01	TXV	VAL575162	1	BOL	207.34	207.34
001584	01	TXV	VAL575163	1	BOL	207.34	207.34
001584	01	TXV	VAL575164	1	BOL	207.34	207.34
001584	01	TXV	VAL575165	1	BOL	207.34	207.34
001584	01	TXV	VAL575166	1	BOL	207.34	207.34
001584	01	TXV	VAL575167	1	BOL	207.34	207.34
001584	01	TXV	VAL575168	1	BOL	207.34	207.34
001584	01	TXV	VAL575169	1	BOL	207.34	207.34
001584	01	TXV	VAL575170	1	BOL	207.34	207.34
001584	01	TXV	VAL575171	1	BOL	207.34	207.34
001584	01	TXV	VAL575172	1	BOL	207.34	207.34
001584	01	TXV	VAL575173	1	BOL	207.34	207.34
001584	01	TXV	VAL575174	1	BOL	207.34	207.34
001584	01	TXV	VAL575175	1	BOL	207.34	207.34
001584	01	TXV	VAL575176	1	BOL	207.34	207.34
001584	01	TXV	VAL575177	1	BOL	207.34	207.34
001584	01	TXV	VAL575178	1	BOL	207.34	207.34
001584	01	TXV	VAL575179	1	BOL	207.34	207.34
001584	01	TXV	VAL575180	1	BOL	207.34	207.34
001584	01	TXV	VAL575181	1	BOL	207.34	207.34
001584	01	TXV	VAL575182	1	BOL	207.34	207.34
001584	01	TXV	VAL575183	1	BOL	207.34	207.34
001584	01	TXV	VAL575184	1	BOL	207.34	207.34
001584	01	TXV	VAL575185	1	BOL	207.34	207.34
001584	01	TXV	VAL575186	1	BOL	207.34	207.34
001584	01	TXV	VAL575187	1	BOL	207.34	207.34
001584	01	TXV	VAL575188	1	BOL	207.34	207.34
001584	01	TXV	VAL575189	1	BOL	207.34	207.34
001584	01	TXV	VAL575190	1	BOL	207.34	207.34
001584	01	TXV	VAL575191	1	BOL	207.34	207.34
001584	01	TXV	VAL575192	1	BOL	207.34	207.34
002095	01	1	2748	1	NF	206.50	206.50
001284	01	B	1352873		NF	206.44	206.44
000641	01	TX	VT 08/282	1	BOL	205.47	205.47
000641	01	TX	WE3105254	1	BOL	203.58	203.58
000641	01	TX	VT 08/283	1	BOL	203.39	203.39
000641	01	TX	WE3105255	1	BOL	201.49	201.49
001234	01	1	21066894	1	NF	200.18	200.18
001234	01	1	21066894	3	NF	200.16	200.16
001044	01		4155		NF	200.00	200.00
001079	01	000	37420		NF	200.00	200.00
001862	01	001	588		NF	200.00	200.00
001862	01	01	590		NF	200.00	200.00
003193	01		710008348		NF	200.00	200.00
000876	01	1	14103		NF	200.00	200.00
000874	01	0	4674		NF	200.00	200.00
001477	01	0	6082		NF	200.00	200.00
001497	01	1	2652		NF	200.00	200.00
003534	01	1	5511		NF	200.00	200.00
003415	01	FV	196		CP	200.00	200.00
001798	01	001	865		NF	198.00	198.00
002653	01	TX	WE310523R	1	BOL	197.18	197.18
000583	01	1	692272		NF	196.21	196.21
000641	01	TX	TAB.NOTAT	1	BOL	195.23	195.23
000030	02	TX	T66586042	1	BOL	195.23	195.23
000275	01	TX	VA1606-15	1	BOL	195.23	195.23
000641	01	TX	CGR/01/JW	1	BOL	195.23	195.23
000030	02	TX	FOL CAMPU	1	BOL	195.23	195.23
000641	01	TX	VAL575223	1	BOL	195.23	195.23
001268	01		18355	1	NF	192.00	192.00
001268	01		18355	2	NF	192.00	192.00
001268	01		18355	3	NF	192.00	192.00
003808	01	1	000046172		NF	191.36	191.36
001768	01		1582023		R$	191.20	191.20
001899	01		77		NF	190.01	190.01
002377	01		1841	1	NF	190.00	190.00
000498	01	001	50304		NF	190.00	190.00
001329	01	NFS	19420		NF	190.00	190.00
002276	01	CXV	11A15/7-P		CCF	187.90	187.90
002486	01	0	7324		NF	186.00	186.00
003582	01	1	3331		NF	186.00	186.00
001280	04		37564	1	NF	180.80	180.80
001280	04		37564	2	NF	180.80	180.80
001234	01	0	21280092	1	NF	180.63	180.63
001234	01	0	21280092	2	NF	180.63	180.63
001234	01	0	21280092	3	NF	180.63	180.63
002392	01		184		NF	180.00	180.00
001906	01		44		NF	180.00	180.00
002746	01	001	14727		NF	180.00	180.00
002090	01	001	623		NF	180.00	180.00
002090	01	001	637		NF	180.00	180.00
001798	01	001	866		NF	180.00	180.00
000906	01	NFS	1747		NF	180.00	180.00
000060	01	1	17201		NF	178.04	178.04
002392	01		221		NF	175.00	175.00
001310	01		1548671		NF	174.93	174.93
001234	01	0	21437878	1	NF	172.37	172.37
002660	01	001	13885		NF	170.00	170.00
000417	01	0	48599	2	NF	170.00	170.00
000417	01	0	48599	3	NF	170.00	170.00
001583	01	TXV	VA1606-54	1	TX	169.90	169.90
001220	01	000	3873		NF	168.00	168.00
002689	01	001	908		NF	167.00	167.00
002689	01	001	909		NF	167.00	167.00
000534	01	DP	3657414		BOL	166.50	166.50
002817	01	1	2086	1	NF	166.25	166.25
002817	01	1	2086	2	NF	166.25	166.25
001383	02	001	157756		NF	165.26	165.26
002392	01		206		NF	165.00	165.00
002735	01	001	176		NF	160.00	160.00
002751	01	001	426		NF	160.00	160.00
001234	01	000	021681607	2	NF	158.69	158.69
000883	01	0	37027		NF	157.00	157.00
001234	01	0	21258878	1	NF	156.54	156.54
001234	01	0	21258878	2	NF	156.54	156.54
000201	01	TX	VA1606-69	1	BOL	156.18	156.18
001583	01	TX	I191741	1	BOL	155.54	155.54
001583	01	TXV	WVP-10/10	1	TX	155.23	155.23
001583	01	TX	GELC0109	1	BOL	155.23	155.23
001583	01	TX	GELC0111	1	BOL	155.23	155.23
001583	01	TX	GELC0112	1	BOL	155.23	155.23
001583	01	TX	GELC0113	1	BOL	155.23	155.23
001583	01	TX	I191962	1	BOL	155.23	155.23
001583	01	TX	169057058	1	BOL	155.23	155.23
001583	01	TX	I191903	1	BOL	155.23	155.23
001583	01	TXV	VT 08/23X	1	TX	155.23	155.23
001583	01	TX	VA310527	1	BOL	155.23	155.23
001583	01	TX	I191742	1	BOL	155.23	155.23
001583	01	TX	I191745	1	BOL	155.23	155.23
001470	01	TXV	VAL574665	1	BOL	155.23	155.23
001470	01	TXV	VAL574925	1	BOL	155.23	155.23
001583	01	TX	020620233	1	BOL	155.23	155.23
001583	01	TX	020620235	1	BOL	155.23	155.23
001583	01	TX	020620236	1	BOL	155.23	155.23
001583	01	TX	020620237	1	BOL	155.23	155.23
001583	01	TX	020620238	1	BOL	155.23	155.23
001583	01	TX	020620239	1	BOL	155.23	155.23
001583	01	TX	020620240	1	BOL	155.23	155.23
001583	01	TX	020620241	1	BOL	155.23	155.23
001583	01	TX	020620242	1	BOL	155.23	155.23
001583	01	TX	208219121	1	BOL	155.23	155.23
001583	01	TXV	VA1606-51	1	TX	155.23	155.23
001583	01	TXV	VA1606-52	1	TX	155.23	155.23
003805	01	1	000009546		NF	155.19	155.19
003504	01	01	9		NF	155.00	155.00
001268	01	002	335208	3	NF	153.34	153.34
001268	01	002	335208	1	NF	153.33	153.33
001268	01	002	335208	2	NF	153.33	153.33
000489	01		129729		BOL	153.00	153.00
001329	01		49285	1	NF	152.50	152.50
001329	01		49285	2	NF	152.50	152.50
001079	01	000	37638		NF	150.00	150.00
002392	01		183		NF	150.00	150.00
001714	01	001	089		NF	150.00	150.00
001714	01	001	090		NF	150.00	150.00
001714	01	001	091		NF	150.00	150.00
001714	01	001	092		NF	150.00	150.00
001714	01	001	093		NF	150.00	150.00
001714	01	001	094		NF	150.00	150.00
002401	01		2580		NF	150.00	150.00
003431	01	0	4977		NF	150.00	150.00
002687	01	1	14654		NF	150.00	150.00
000328	02		807281		NF	147.75	147.75
002154	01	001	9341		NF	147.25	147.25
001383	02	001	157604		NF	146.26	146.26
001234	01	0	21197258	2	NF	144.40	144.40
001220	01	000	3409		NF	143.00	143.00
000022	01	001	97902		NF	143.00	143.00
000022	01	001	97938		NF	143.00	143.00
002808	01	1	2231		NF	142.50	142.50
002668	02		595115		NF	140.30	140.30
002668	02	000	531999		NF	140.30	140.30
000199	01	TX	542543523	1	BOL	140.00	140.00
000199	01	TX	542543524	1	BOL	140.00	140.00
001929	01		119987		NF	140.00	140.00
002095	01		1656	1	NF	140.00	140.00
002095	01		1656	2	NF	140.00	140.00
002095	01		1788	1	NF	140.00	140.00
002095	01		1788	2	NF	140.00	140.00
002095	01		1925	1	NF	140.00	140.00
002095	01		1925	2	NF	140.00	140.00
002392	01		208		NF	140.00	140.00
002702	01	001	1231		NF	140.00	140.00
001869	01	001	1595		NF	140.00	140.00
002751	01	001	398		NF	140.00	140.00
000199	01	TX	I191906	1	BOL	140.00	140.00
000199	01	TXV	WE3105247	1	TX	140.00	140.00
003026	01	1	35702	1	NF	140.00	140.00
001583	01	TXV	VAL575222	1	TX	140.00	140.00
001634	01		28092320		NF	140.00	140.00
000011	01	TX	323674658	1	BOL	139.68	139.68
000641	01	TX	VA1606-76	1	BOL	139.64	139.64
002095	01	1	2493	1	NF	138.72	138.72
002095	01	1	2493	2	NF	138.71	138.71
001234	01	0	021297189	1	NF	137.82	137.82
001232	01	TX	WE310523P	1	BOL	136.83	136.83
001232	01	TX	169057061	1	BOL	135.63	135.63
002095	01		1950	1	NF	135.00	135.00
002095	01		1950	2	NF	135.00	135.00
002413	01		385		NF	133.00	133.00
001268	01	002	000341452		NF	133.00	133.00
000011	01	TX	323674657	1	BOL	132.85	132.85
001466	01	TX	VAL575216	1	BOL	132.85	132.85
001486	01	TX	VA1606-77	1	BOL	132.72	132.72
001265	03	1	2485816		NF	132.45	132.45
001234	01	0	21044472	1	NF	132.32	132.32
001234	01	0	21044472	2	NF	132.32	132.32
001234	01	0	21044472	3	NF	132.32	132.32
001960	01	1	1056		NF	132.00	132.00
003452	01	1	184121		NF	131.96	131.96
000393	01	1	5576	2	NF	130.64	130.64
003548	01	2	64373		NF	130.30	130.30
000275	01	TX	VA1606-10	1	BOL	130.16	130.16
000275	01	TX	VA1606-12	1	BOL	130.16	130.16
000641	01	TX	VA1606-13	1	BOL	130.16	130.16
000011	01	TX	VA1606-16	1	BOL	130.16	130.16
000275	01	TX	VA1606-51	1	BOL	130.16	130.16
000641	01	TX	VT 08/23M	1	BOL	130.16	130.16
000641	01	TX	VT 08/23Q	1	BOL	130.16	130.16
000011	01	TX	VT 08/278	1	BOL	130.16	130.16
001486	01	TX	VT 08/285	1	BOL	130.16	130.16
000641	01	TX	VT 08/286	1	BOL	130.16	130.16
001232	01	TX	WE310523J	1	BOL	130.16	130.16
000641	01	TX	VAL574656	1	BOL	130.16	130.16
000641	01	TX	VAL574657	1	BOL	130.16	130.16
001466	01	TX	WIL179962	1	BOL	130.16	130.16
000275	01	TX	WIL179971	1	BOL	130.16	130.16
000641	01	TX	VA1606-16	1	BOL	130.16	130.16
000641	01	TX	VA1606-46	1	BOL	130.16	130.16
000641	01	TX	VA1606-47	1	BOL	130.16	130.16
000123	01	0	104		NF	130.00	140.00
002392	01		172		NF	130.00	130.00
002392	01		177		NF	130.00	130.00
002392	01		185		NF	130.00	130.00
002095	01		1953	1	NF	130.00	130.00
002095	01		1953	2	NF	130.00	130.00
002739	01	001	13968		NF	130.00	130.00
000854	01	DP	368007		NF	130.00	130.00
002401	01	DP	16433		NF	130.00	130.00
001001	01	001	2623		NF	129.00	129.00
002189	01	FV	290	01	NF	129.00	129.00
000297	01	0	75582		NF	128.40	128.40
000015	01		566422		NF	126.40	126.40
001268	01	002	335005	1	NF	126.33	126.33
001268	01	002	335005	2	NF	126.33	126.33
001001	01	001	2630		NF	125.00	125.00
001268	01		17713	1	NF	124.00	124.00
001268	01		17713	2	NF	124.00	124.00
001280	05		132578		NF	123.20	123.20
000554	01	1	14472		NF	123.00	123.00
000107	02	0	24108	1	NF	122.46	122.46
000107	02	0	24108	2	NF	122.46	122.46
000107	02	0	24108	3	NF	122.46	122.46
000107	02	0	24108	4	NF	122.46	122.46
000107	02	0	24108	5	NF	122.46	122.46
002374	01	CXV	1620	01	NF	121.00	121.00
000683	01	000	212		NF	120.00	120.00
002392	01		175		NF	120.00	120.00
001867	01	001	14700		NF	120.00	120.00
000604	01	MUL	29263		BOL	120.00	120.00
003587	01	0	178		NF	120.00	120.00
002718	01	0	76		NF	120.00	120.00
002738	01		14614		NF	120.00	120.00
002459	01		1561		NF	120.00	120.00
001960	01	1	1052		NF	120.00	120.00
002437	01	0	22936		NF	119.00	119.00
002437	01	0	23405		NF	119.00	119.00
001067	01	C	307011240		NF	118.57	118.57
001268	01	2	333040	1	NF	117.33	117.33
003096	01		1175	1	NF	117.00	117.00
003460	01		16883		NF	115.00	115.00
003803	01	4	000164151		NF	114.02	114.02
001234	01	0	21437877	1	NF	112.86	112.86
001793	01	001	3151		NF	112.60	112.60
001878	01	001	879		NF	112.00	112.00
000134	01		17102023		FT	111.06	111.06
000388	01	1	14710		NF	111.00	111.00
002095	01	1	2750		NF	110.02	110.02
000060	01	NFS	2392	1	NF	110.00	110.00
000060	01	NFS	2392	2	NF	110.00	110.00
002738	01		14572		NF	110.00	110.00
001861	01	001	8187		NF	107.00	107.00
001234	01	0	21167498	1	NF	106.61	106.61
001234	01	0	21167498	2	NF	106.61	106.61
001280	07	565	9565	1	NF	106.04	106.04
001280	07	565	9565	2	NF	106.04	106.04
000396	01	1	20233	2	NF	105.91	105.91
000396	01	1	20233	4	NF	105.91	105.91
000770	01	1	7455		NF	105.80	105.80
000910	01	1	1055099		NF	105.49	105.49
002392	01		179		NF	105.00	105.00
002660	01	001	13953		NF	105.00	105.00
002604	01	NFS	107		NF	104.50	104.50
001232	01	TX	TIAGO3111	1	BOL	104.13	104.13
001232	01	TX	MC290535	1	BOL	104.13	104.13
000201	01	TX	VA1606-68	1	BOL	104.13	104.13
001711	01	TX	12062026	1	BOL	104.12	104.12
001001	01	001	2600		NF	104.00	104.00
002095	01		2060	3	NF	103.34	103.34
002095	01		2060	1	NF	103.33	103.33
002095	01		2060	2	NF	103.33	103.33
001234	01	0	21276772	2	NF	103.23	103.23
002095	01	1	2603	1	NF	102.15	102.15
002095	01	1	2603	2	NF	102.14	102.14
002392	01		187		NF	100.00	100.00
000761	01	000	32067		NF	100.00	100.00
002749	01	001	3032		NF	100.00	100.00
001777	01	001	4992		NF	100.00	100.00
001777	01	001	5000		NF	100.00	100.00
002090	01	001	652		NF	100.00	100.00
000283	01	1	1045		NF	100.00	100.00
001802	01		198		NF	100.00	100.00
000417	01		49754		NF	100.00	100.00
000325	01	0	2848	1	NF	100.00	100.00
000325	01	0	2848	2	NF	100.00	100.00
003243	01	0	4737		NF	100.00	100.00
002433	01	0	6120		NF	100.00	100.00
003076	01	0	801		NF	100.00	100.00
001280	07		9546	1	NF	98.97	98.97
003466	01		000012443		BOL	98.10	98.10
001297	01	000	000009732		NF	97.90	97.90
000526	01	1	1692	1	NF	97.90	97.90
000526	01	1	1692	2	NF	97.90	97.90
001296	01	5	470909		NF	95.60	95.60
001268	01		17780	3	NF	93.34	93.34
001268	01		17780	1	NF	93.33	93.33
001268	01		17780	2	NF	93.33	93.33
002380	01	001	1329		NF	92.40	92.40
000641	01	TX	VT 08/284	1	BOL	92.07	92.07
003266	01		ART107205		BOL	91.79	91.79
001234	01	0	21044471	1	NF	91.48	91.48
000641	01	TX	WE3105256	1	BOL	91.21	91.21
001584	01	TXV	VT 08/23W	1	TX	90.94	90.94
001470	01	TX	090620235	1	BOL	90.94	90.94
001584	01	TXV	TIAGO3125	1	TX	90.09	90.09
001584	01	TXV	TIAGO3126	1	TX	90.09	90.09
001584	01	TXV	TIAGO3127	1	TX	90.09	90.09
001584	01	TXV	TIAGO3128	1	TX	90.09	90.09
001583	01	TXV	VA1606-19	1	TX	90.09	90.09
001584	01	TXV	VA1606-21	1	TX	90.09	90.09
001584	01	TXV	VA1606-36	1	TX	90.09	90.09
001584	01	TXV	VA1606-37	1	TX	90.09	90.09
001584	01	TXV	VT 08/23Z	1	TX	90.09	90.09
001584	01	TXV	VT 08/250	1	TX	90.09	90.09
001584	01	TXV	VT 08/273	1	TX	90.09	90.09
001583	01	TXV	CGR/01/JY	1	TX	90.09	90.09
001584	01	TXV	VAL575202	1	TX	90.09	90.09
002392	01		205		NF	90.00	90.00
003232	01	CXV	4165	01	NF	90.00	90.00
000604	01	14	3019570		NF	90.00	90.00
000286	01	001	001096223	2	NF	89.00	89.00
001234	01	0	21197259	1	NF	88.77	88.77
001234	01	0	21197259	2	NF	88.77	88.77
001268	01		20030	1	NF	88.67	88.67
001448	01	NFS	1570	1	NF	86.67	86.67
001448	01	NFS	1570	2	NF	86.67	86.67
001448	01	NFS	1570	3	NF	86.66	86.66
002660	01	001	13861		NF	85.00	85.00
002660	01	001	13880		NF	85.00	85.00
002732	01	001	423		NF	85.00	85.00
000119	02	FV	33652	01	NF	84.89	84.89
001268	01		100223		NF	84.00	84.00
000174	01	0	769670		NF	83.80	83.80
000800	01	PIX	54		NF	80.00	80.00
002977	01	000	2017		NF	80.00	80.00
002893	01	000	6569		NF	80.00	80.00
001929	01		119186		NF	80.00	80.00
001929	01		119187		NF	80.00	80.00
002392	01		178		NF	80.00	80.00
002392	01		210		NF	80.00	80.00
000060	01	NFS	2402		NF	80.00	80.00
002990	01		286		NF	80.00	80.00
003584	01	0	6865		NF	80.00	80.00
003512	01	002	000033810		NF	79.96	79.96
001268	01	00	16999	3	NF	79.66	79.66
003320	01	140	838		NF	79.00	79.00
001268	01	2	337256	1	NF	78.50	78.50
001279	01	COB	542684		NF	77.43	77.43
001863	01	001	674		NF	76.00	76.00
001714	01	01	86		NF	75.00	75.00
002837	01	CXV	1832	01	NF	75.00	75.00
002127	01	IMP	001453596		DH	74.70	74.70
001228	01		11081		NF	73.50	73.50
002506	01	1	29220		NF	71.19	71.19
001342	01		920000110		NF	70.20	70.20
000883	01	0	36961		NF	70.00	70.00
001929	01		118040		NF	70.00	70.00
001929	01		118041		NF	70.00	70.00
001929	01		119986		NF	70.00	70.00
000815	01		13198		NF	70.00	70.00
002095	01		1657	1	NF	70.00	70.00
002095	01		1657	2	NF	70.00	70.00
001079	01	001	000023766		NF	67.54	67.54
002095	01		1787	1	NF	67.50	67.50
002095	01		1787	2	NF	67.50	67.50
003704	01	002	000028777		NF	67.20	67.20
001268	01	1	18059	1	NF	66.67	66.67
001268	01	1	18059	2	NF	66.67	66.67
001268	01	1	18059	3	NF	66.66	66.66
002392	01		202		NF	65.00	65.00
003583	01	0	316		NF	65.00	65.00
002095	01	1	2839	1	NF	64.87	64.87
002095	01	1	2839	2	NF	64.87	64.87
002095	01	1	2839	3	NF	64.86	64.86
002865	01	001	333		NF	63.00	63.00
002617	01	E	583	1	NF	62.50	62.50
002617	01	E	583	2	NF	62.50	62.50
001268	01		19035	1	NF	62.00	62.00
001268	01		19035	2	NF	62.00	62.00
001268	01		19035	3	NF	62.00	62.00
001836	01	0	628		NF	60.00	60.00
002865	01	001	320		NF	60.00	60.00
000161	01	000	000020646		NF	60.00	60.00
002392	01		188		NF	60.00	60.00
002401	01	000	000003430		NF	60.00	60.00
001268	01	2	337263		NF	60.00	60.00
002442	02	FV	245275		CP	59.98	59.98
003516	01	1	126986		NF	58.74	58.74
001875	01	001	80		NF	57.00	57.00
002429	01		3968		NF	55.19	55.19
001960	01	1	1054		NF	55.00	55.00
002865	01	0	312		NF	54.00	54.00
001678	01	1	2135		NF	54.00	54.00
000069	04	6	343644		NF	53.80	53.80
001297	01	1	000009389		NF	53.80	53.80
001655	01	DP	30968		NF	53.70	53.70
001352	01		92023		FT	53.00	53.00
002095	01	1	2729		NF	51.72	51.72
001655	01		30968		DP	51.02	51.02
000060	01	NFS	2509	1	NF	50.00	50.00
000060	01	NFS	2509	2	NF	50.00	50.00
003583	01	0	303		NF	50.00	50.00
001960	01		972		NF	50.00	50.00
001268	01	002	335209	3	NF	49.34	49.34
001268	01	002	335209	1	NF	49.33	49.33
001268	01	002	335209	2	NF	49.33	49.33
001338	01	001	606950	1	NF	49.10	49.10
001338	01	001	606950	2	NF	49.10	49.10
002891	01	0	1130		NF	48.00	48.00
000291	01	001	339013		NF	47.60	47.60
003594	01	002	000065430		NF	46.80	46.80
003241	01		189689		NF	46.42	46.42
003241	01	000	182454		NF	46.42	46.42
000060	01	1	17202		NF	46.00	46.00
002095	01	1	2747	1	NF	41.00	41.00
002095	01	1	2747	2	NF	40.99	40.99
001960	01		973		NF	40.00	40.00
000060	01	1	17170		NF	37.83	37.83
003473	01	3	9612		NF	36.00	36.00
002392	01		203		NF	35.00	35.00
002392	01		209		NF	35.00	35.00
002158	03	002	11184		NF	34.00	34.00
001090	04	FV	253492551	01	RC	33.20	33.20
000393	01	1	5576	1	NF	32.86	32.86
002392	01		186		NF	30.00	30.00
002737	01	001	230		NF	30.00	30.00
001392	01		58384172		BOL	30.00	30.00
002240	01	CXV	16331		CP	30.00	30.00
001960	01		971		NF	30.00	30.00
001960	01		974		NF	30.00	30.00
001960	01		975		NF	30.00	30.00
002736	01	001	77		NF	29.00	29.00
000283	01	1	1058		NF	28.00	28.00
002783	01	2	7235		NF	27.79	27.79
002095	01	1	2494	1	NF	27.62	27.62
002095	01	1	2494	2	NF	27.61	27.61
000179	01		8113		NF	26.00	26.00
000179	01		8114		NF	26.00	26.00
000179	01	000	000007960		NF	26.00	26.00
002865	01	001	331		NF	25.00	25.00
002811	01	001	25		NF	25.00	25.00
000262	01		282354		NF	24.85	24.85
000262	01	U	286655		NF	24.85	24.85
001960	01	1	987		NF	24.00	24.00
000283	01	1	1092		NF	24.00	24.00
000291	01	001	339997	1	NF	20.85	20.85
000291	01	001	339997	2	NF	20.85	20.85
000283	01	1	1039		NF	20.00	20.00
003411	01	FV	204397		CP	19.99	19.99
003475	01	FV	627279	01	NF	19.56	19.56
000134	01		BOLETOVIV		BOL	18.07	18.07
000283	01	1	1065		NF	16.00	16.00
000283	01	1	1069		NF	16.00	16.00
002001	01	001	168768		NF	15.00	15.00
002216	01	CXV	KEILO2496	01	NF	15.00	100.00
000291	01	001	339998		NF	14.20	14.20
002742	01		383336		NF	13.68	13.68
002703	01	001	27673		NF	12.50	12.50
000002	00	0	50799	01	ISS	11.02	11.02
000002	00	R$	730337	01	ISS	11.01	11.01
002334	01	CXV	8762		CP	11.00	99.75
003175	01	001	11284		NF	9.00	9.00
001267	01	ISS	7009872		R$	8.26	8.26
000001	00	R$	730337	02	TX	6.60	6.60
002939	01	0	11327		NF	5.00	5.00
001268	01	1	336959		NF	2.40	2.40
000001	00	R$	730337	03	TX	2.20	2.20
000001	00	R$	730337	01	TX	1.43	1.43
000641	01	TX	VA1606-53	1	BOL	0.01	195.23
002702	01		14082023		R$	0.00	950.00
000475	01		29092023		NF	0.00	85600.00
000011	01	TX	323674660	1	BOL	0.00	260.32
